CONTACT_ID,CONTACT,CONTACT_TYPE_ID,PARK_ID
1,+12703583137,2,77E0D7F0-1942-494A-ACE2-9004D2BDC59E
2,+12703583874,3,77E0D7F0-1942-494A-ACE2-9004D2BDC59E
3,ABLI_Administration@nps.gov,1,77E0D7F0-1942-494A-ACE2-9004D2BDC59E
4,+12072883338,2,6DA17C86-088E-4B4D-B862-7C1BD5CF236B
5,+12072888813,3,6DA17C86-088E-4B4D-B862-7C1BD5CF236B
6,+12072888800,4,6DA17C86-088E-4B4D-B862-7C1BD5CF236B
7,acadia_information@nps.gov,1,6DA17C86-088E-4B4D-B862-7C1BD5CF236B
8,+16177731177,2,E4C7784E-66A0-4D44-87D0-3E072F5FEF43
9,ADAM_Visitor_Center@nps.gov,1,E4C7784E-66A0-4D44-87D0-3E072F5FEF43
10,+12024266841,2,1A47416F-DAA3-4137-9F30-14AF86B4E547
11,national_mall@nps.gov,1,1A47416F-DAA3-4137-9F30-14AF86B4E547
12,+12122384367,2,E6E1D22A-7A89-47F8-813C-B611059A8CF9
13,african_burial_ground@nps.gov,1,E6E1D22A-7A89-47F8-813C-B611059A8CF9
14,+13086654113,2,64B9F127-31ED-43C9-882D-D7CD471AF314
15,+13086654114,3,64B9F127-31ED-43C9-882D-D7CD471AF314
16,agfo_ranger_activities@nps.gov,1,64B9F127-31ED-43C9-882D-D7CD471AF314
17,+18082170307,2,3B8307B3-54AB-4E5F-ACBC-8DECB98AD5F1
18,aric_arakaki@nps.gov,1,3B8307B3-54AB-4E5F-ACBC-8DECB98AD5F1
19,+19072463305,2,C4E1A9A4-D121-4734-94FA-7788A93C2AAA
20,KATM_Visitor_Information@nps.gov,1,C4E1A9A4-D121-4734-94FA-7788A93C2AAA
21,+19076443661,2,7D6098F9-3F75-4775-A56D-CD9C7F9A9488
22,+19072712744,3,7D6098F9-3F75-4775-A56D-CD9C7F9A9488
23,+18668696887,4,7D6098F9-3F75-4775-A56D-CD9C7F9A9488
24,anch_web_mail@nps.gov,1,7D6098F9-3F75-4775-A56D-CD9C7F9A9488
25,+14155614900,2,C08AD828-98FF-478E-A63C-614E7534274B
26,goga_alca_socialmedia@nps.gov,1,C08AD828-98FF-478E-A63C-614E7534274B
27,+19075819944,2,94B046DC-2AFD-4ECB-A60D-CE210A8550B1
28,anch_web_mail@nps.gov,1,94B046DC-2AFD-4ECB-A60D-CE210A8550B1
29,+18068576680,2,6D82D070-995A-4524-A56E-C1CE182E7D9B
30,lamr_interpretation@nps.gov,1,6D82D070-995A-4524-A56E-C1CE182E7D9B
31,+18148866150,2,3350C18C-8E07-487B-930E-37AD873D31AD
32,alpo_interpretation@nps.gov,1,3350C18C-8E07-487B-930E-37AD873D31AD
33,Amache_visitor_information@nps.gov,1,D35004EF-5F5A-4DA4-8716-5141BE5C933C
34,+16702347207,2,A0B4CA5E-608A-4DF2-8EFB-E2E4619EA243
35,brooke_nevitt@nps.gov,1,A0B4CA5E-608A-4DF2-8EFB-E2E4619EA243
36,+18307757491,2,34CB30BA-8A5F-4563-AA34-6633708DD9DC
37,+18307789248,3,34CB30BA-8A5F-4563-AA34-6633708DD9DC
38,amis_interpretation@nps.gov,1,34CB30BA-8A5F-4563-AA34-6633708DD9DC
39,+17712081453,2,9463E25C-7342-4A34-9537-4A6DA74B2B06
40,+17712081453,4,9463E25C-7342-4A34-9537-4A6DA74B2B06
41,anac_visitorservices@nps.gov,1,9463E25C-7342-4A34-9537-4A6DA74B2B06
42,+12299240343,2,00E65872-53F7-4C9B-BD29-B9BC99930D0D
43,ande_information@nps.gov,1,00E65872-53F7-4C9B-BD29-B9BC99930D0D
44,+14236383551,2,2ED6E071-57AA-4B08-8DDA-5CB09FBB75C8
45,+14237980754,3,2ED6E071-57AA-4B08-8DDA-5CB09FBB75C8
46,anjo_information@nps.gov,1,2ED6E071-57AA-4B08-8DDA-5CB09FBB75C8
47,+19072463305,2,7FF37F14-88C8-469E-A447-ACE6D9AF44D2
48,KATM_Visitor_Information@nps.gov,1,7FF37F14-88C8-469E-A447-ACE6D9AF44D2
49,+13014325124,2,8415526C-C932-4236-A634-2D89DF718936
50,anti_info@nps.gov,1,8415526C-C932-4236-A634-2D89DF718936
51,+17157793397,2,D84122DD-1B0E-4D13-927C-5D6D2A0D200E
52,+17157793049,3,D84122DD-1B0E-4D13-927C-5D6D2A0D200E
53,apis_information@nps.gov,1,D84122DD-1B0E-4D13-927C-5D6D2A0D200E
54,+13045356278,2,FAEF5684-83A4-4CF2-A701-60CF8D4014BD
55,0@0,1,FAEF5684-83A4-4CF2-A701-60CF8D4014BD
56,+14346948904,2,16CCCC56-1DC1-47D6-AE91-E939955BFC53
57,APCO_SocialMedia@nps.gov,1,16CCCC56-1DC1-47D6-AE91-E939955BFC53
58,+14357192299,2,36240051-018E-4915-B6EA-3F1A7F24FBE4
59,archinfo@nps.gov,1,36240051-018E-4915-B6EA-3F1A7F24FBE4
60,+18705482207,2,6876F4F4-9B8F-4648-89EA-C1BBF770C494
61,arpo_information@nps.gov,1,6876F4F4-9B8F-4648-89EA-C1BBF770C494
62,+17032351530,2,E84B1E08-CCE8-4FFF-8DB6-B92F40953225
63,gwmp_superintendent@nps.gov,1,E84B1E08-CCE8-4FFF-8DB6-B92F40953225
64,+14106411441,2,307BE169-345D-472C-8128-20F1D59864A7
65,+14106411099,3,307BE169-345D-472C-8128-20F1D59864A7
66,asis_information@nps.gov,1,307BE169-345D-472C-8128-20F1D59864A7
67,+15053346174,2,CD54150B-24F6-4B96-8D6F-B23AF92A70F2
68,+15053346372,3,CD54150B-24F6-4B96-8D6F-B23AF92A70F2
69,azru_information@nps.gov,1,CD54150B-24F6-4B96-8D6F-B23AF92A70F2
70,+16054335361,2,B170CCF7-7AB9-48FF-950E-31815FD4DBB2
71,badl_information@nps.gov,1,B170CCF7-7AB9-48FF-950E-31815FD4DBB2
72,+12026107500,2,A21F01BC-9E47-4DBE-8655-A1651FC2C1B1
73,gree_visitorservices@nps.gov,1,A21F01BC-9E47-4DBE-8655-A1651FC2C1B1
74,+15056723861,2,E28CA30C-2D81-4394-81E9-67677C412115
75,+15056729607,3,E28CA30C-2D81-4394-81E9-67677C412115
76,band_visitor_center@nps.gov,1,E28CA30C-2D81-4394-81E9-67677C412115
77,+12025432240,2,E7E4E103-5FA9-45AC-8843-05DE554CDBB7
78,bepa_info@nps.gov,1,E7E4E103-5FA9-45AC-8843-05DE554CDBB7
79,+17193835010,2,87F9EFC7-1951-4250-A367-644EC5C4E6A2
80,beol_interpretation@nps.gov,1,87F9EFC7-1951-4250-A367-644EC5C4E6A2
81,+19074432522,2,EE1F4878-00FB-4760-A77F-EA76DB8DEFD9
82,+19074436139,3,EE1F4878-00FB-4760-A77F-EA76DB8DEFD9
83,bela_information@nps.gov,1,EE1F4878-00FB-4760-A77F-EA76DB8DEFD9
84,+14324772251,2,C9056F71-7162-4208-8AE9-2D0AEFA594FD
85,bibe_info@nps.gov,1,C9056F71-7162-4208-8AE9-2D0AEFA594FD
86,+12396952000,2,E0F4D5E3-3E4A-4345-B86A-1B0CAD7461F1
87,+12396953901,3,E0F4D5E3-3E4A-4345-B86A-1B0CAD7461F1
88,bicy_information@nps.gov,1,E0F4D5E3-3E4A-4345-B86A-1B0CAD7461F1
89,+14066893155,2,3262234F-A56A-447D-AE6C-F5C734ABD3A4
90,biho_visitor_information@nps.gov,1,3262234F-A56A-447D-AE6C-F5C734ABD3A4
91,+14235699778,2,61EC5C9A-1A38-4040-AE38-E62FD2A9A836
92,+14235695505,3,61EC5C9A-1A38-4040-AE38-E62FD2A9A836
93,biso_information@nps.gov,1,61EC5C9A-1A38-4040-AE38-E62FD2A9A836
94,+14099516700,2,3AA12AD8-4FEB-491D-AEB2-CC0F74CD00E0
95,bith_information@nps.gov,1,3AA12AD8-4FEB-491D-AEB2-CC0F74CD00E0
96,+13075485406,2,7568A0D8-73B1-44E6-82C7-E10BA1872209
97,BICA_media@nps.gov,1,7568A0D8-73B1-44E6-82C7-E10BA1872209
98,+12056790065,2,99907F85-7E09-40FE-BF5E-A9AB7F09A7E2
99,bicr_information@nps.gov,1,99907F85-7E09-40FE-BF5E-A9AB7F09A7E2
100,+13052301144,2,FBF9F793-5114-4B61-A5BA-6F9ADDFDF459
101,bisc_information@nps.gov,1,FBF9F793-5114-4B61-A5BA-6F9ADDFDF459
102,+19706412337,2,BDBD573F-97EF-44E7-A579-471679F2C42A
103,blca_info@nps.gov,1,BDBD573F-97EF-44E7-A579-471679F2C42A
104,+14017258638,2,A36366E7-5663-4531-B0CE-D58928C6D01B
105,blrv_info@nps.gov,1,A36366E7-5663-4531-B0CE-D58928C6D01B
106,Blackwell_school_visitor_information@nps.gov,1,4A71FEB9-5968-4A27-9794-F202C96FFA55
107,+18283483400,2,712044CE-4C85-48C2-813E-310A9C6C74E1
108,blri_info@nps.gov,1,712044CE-4C85-48C2-813E-310A9C6C74E1
109,+13044650508,2,14025CA9-91DE-4D36-B4CA-9880463C3BC2
110,+13044650591,3,14025CA9-91DE-4D36-B4CA-9880463C3BC2
111,neri_interpretation@nps.gov,1,14025CA9-91DE-4D36-B4CA-9880463C3BC2
112,+15406820713,2,6278FE68-139E-4758-A6DE-9A0437F777B5
113,+15407215128,3,6278FE68-139E-4758-A6DE-9A0437F777B5
114,bowa_rangers_3@nps.gov,1,6278FE68-139E-4758-A6DE-9A0437F777B5
115,+16174296760,2,87F00684-8E1F-4E12-B463-2B5B929A0C74
116,boaf_mail@nps.gov,1,87F00684-8E1F-4E12-B463-2B5B929A0C74
117,+16172238666,2,65E0DF4A-4082-4B48-93BD-5021987CDD7A
118,BOHA_Information@nps.gov,1,65E0DF4A-4082-4B48-93BD-5021987CDD7A
119,+16172425601,2,81F81EBD-0FE7-4811-88EF-AB071E737D97
120,bost_rangers@nps.gov,1,81F81EBD-0FE7-4811-88EF-AB071E737D97
121,+18003057417,2,F6555AB7-654F-4418-8827-F91F54536C04
122,+16626804033,3,F6555AB7-654F-4418-8827-F91F54536C04
123,natr_interpretation@nps.gov,1,F6555AB7-654F-4418-8827-F91F54536C04
124,+17853544273,2,E2F59F29-1F3A-43B9-A361-7E74E5FDDEB1
125,+17853547213,3,E2F59F29-1F3A-43B9-A361-7E74E5FDDEB1
126,BRVB_Special_Events@nps.gov,1,E2F59F29-1F3A-43B9-A361-7E74E5FDDEB1
127,+14358345322,2,6B1D053D-714F-46D1-B410-04BE868F14C1
128,+14358344703,3,6B1D053D-714F-46D1-B410-04BE868F14C1
129,brca_information@nps.gov,1,6B1D053D-714F-46D1-B410-04BE868F14C1
130,+13407731460,2,1172F473-8129-42CA-9A47-C9D0AC5CAF66
131,+13407191791,3,1172F473-8129-42CA-9A47-C9D0AC5CAF66
132,CHRI_Education@nps.gov,1,1172F473-8129-42CA-9A47-C9D0AC5CAF66
133,+18704392502,2,DBD2FCBF-D0DD-4262-A04E-93090888F0F5
134,buff_information@nps.gov,1,DBD2FCBF-D0DD-4262-A04E-93090888F0F5
135,ntir_information@nps.gov,1,F2A0D649-ED66-4BB7-A3EC-001CC42921CF
136,+16195234285,2,2DB09FB7-0408-44C9-8083-8F50039BD6DA
137,cabr_info@nps.gov,1,2DB09FB7-0408-44C9-8083-8F50039BD6DA
138,ntir_information@nps.gov,1,B39C368F-CB27-49EC-B2A9-E6C1552430FB
139,+18598815716,2,2FB7A664-0F66-49A3-9460-194F4073BA3F
140,cane_info@nps.gov,1,2FB7A664-0F66-49A3-9460-194F4073BA3F
141,+13864283384,2,FFD294C0-8027-42EC-B395-9C3BF2B80F49
142,cana_interpretation@nps.gov,1,FFD294C0-8027-42EC-B395-9C3BF2B80F49
143,+13183520383,2,55ABA58B-B19E-4851-BDE1-1C0712B2BE2C
144,cari_interp@nps.gov,1,55ABA58B-B19E-4851-BDE1-1C0712B2BE2C
145,+19286745500,2,869BAD2B-C46F-4FEB-891B-EBA119B64B48
146,cach_interpretation@nps.gov,1,869BAD2B-C46F-4FEB-891B-EBA119B64B48
147,+14357192313,2,319E07D8-E176-41F8-98A9-1E3F8099D0AB
148,canyinfo@nps.gov,1,319E07D8-E176-41F8-98A9-1E3F8099D0AB
149,+15082553421,2,DE0A8012-5324-4F5C-98DA-0EE6589FDFB3
150,caco_information@nps.gov,1,DE0A8012-5324-4F5C-98DA-0EE6589FDFB3
151,+12524732111,2,7B9F59AE-D223-4A99-B6DF-A418D876DD82
152,caha_public_affairs@nps.gov,1,7B9F59AE-D223-4A99-B6DF-A418D876DD82
153,+17578982410,2,3A2AEA7C-8896-4445-9763-932B4A74CF34
154,+17578982421,3,3A2AEA7C-8896-4445-9763-932B4A74CF34
155,colo_info@nps.gov,1,3A2AEA7C-8896-4445-9763-932B4A74CF34
156,+19074423890,2,77566B98-D9CC-40FB-AA6E-FAA0F56E2059
157,+19074428316,3,77566B98-D9CC-40FB-AA6E-FAA0F56E2059
158,wear_webmail@nps.gov,1,77566B98-D9CC-40FB-AA6E-FAA0F56E2059
159,+12527282250,2,3BA4ACE6-0FFE-4B56-8C07-B3F05DC304DB
160,+12527282160,3,3BA4ACE6-0FFE-4B56-8C07-B3F05DC304DB
161,CALO_VC@nps.gov,1,3BA4ACE6-0FFE-4B56-8C07-B3F05DC304DB
162,+12023591717,2,96DC2172-0201-4ABB-BD77-2687F4726C9B
163,nace_superintendent@nps.gov,1,96DC2172-0201-4ABB-BD77-2687F4726C9B
164,+14354253791,2,2F05E2B8-CDA3-434E-9C4C-C7DD828CAC3B
165,+14354253026,3,2F05E2B8-CDA3-434E-9C4C-C7DD828CAC3B
166,care_information@nps.gov,1,2F05E2B8-CDA3-434E-9C4C-C7DD828CAC3B
167,+17578561220,2,481CEBB8-1942-4FAE-8D89-9902E7B9EECA
168,cajo_info@nps.gov,1,481CEBB8-1942-4FAE-8D89-9902E7B9EECA
169,+15752782201,2,93BB79F9-D700-4202-B21C-B2354617A729
170,+15752782211,3,93BB79F9-D700-4202-B21C-B2354617A729
171,cavo_interpretation@nps.gov,1,93BB79F9-D700-4202-B21C-B2354617A729
172,+18286934178,2,6E9B2F16-4CFE-49B2-A95E-87E4F02E79FF
173,+18286934179,3,6E9B2F16-4CFE-49B2-A95E-87E4F02E79FF
174,carl_administration@nps.gov,1,6E9B2F16-4CFE-49B2-A95E-87E4F02E79FF
175,+15757852232,2,6FDE39B1-AB4A-4C9A-A5CD-4AF67601CD78
176,+15757852133,3,6FDE39B1-AB4A-4C9A-A5CD-4AF67601CD78
177,cave_park_information@nps.gov,1,6FDE39B1-AB4A-4C9A-A5CD-4AF67601CD78
178,+12026905185,2,D040C2B5-BFCD-4DED-AADC-BA28E29CC560
179,nace_superintendent@nps.gov,1,D040C2B5-BFCD-4DED-AADC-BA28E29CC560
180,+15207233172,2,FF6B2CDF-10F5-4A7F-9437-74C1E7104C65
181,+15207237209,3,FF6B2CDF-10F5-4A7F-9437-74C1E7104C65
182,cagr_ranger_activities@nps.gov,1,FF6B2CDF-10F5-4A7F-9437-74C1E7104C65
183,+19048296506,2,E455313B-782A-4CDC-A6A5-8B506FA3A4C1
184,+19048239388,3,E455313B-782A-4CDC-A6A5-8B506FA3A4C1
185,casa_ranger_activities@nps.gov,1,E455313B-782A-4CDC-A6A5-8B506FA3A4C1
186,+12123447220,2,061F7BA2-8C57-4471-A31E-302AD99E3F6A
187,+12124259363,3,061F7BA2-8C57-4471-A31E-302AD99E3F6A
188,cacl_info@nps.gov,1,061F7BA2-8C57-4471-A31E-302AD99E3F6A
189,+17602526100,2,872417E6-2F91-4FDA-89A7-865B51B22332
190,MOJA_Superintendent@nps.gov,1,872417E6-2F91-4FDA-89A7-865B51B22332
191,+13016639388,2,2977669B-4B2E-4044-B2CC-701D9521E4AC
192,+13012710205,3,2977669B-4B2E-4044-B2CC-701D9521E4AC
193,CATO_superintendent@nps.gov,1,2977669B-4B2E-4044-B2CC-701D9521E4AC
194,+14359867120,2,DFC1B0DB-832E-4C21-9CB9-79FB726B97D5
195,cedarbreaksinfo@nps.gov,1,DFC1B0DB-832E-4C21-9CB9-79FB726B97D5
196,+15408693051,2,387A28F2-022F-4C06-A486-E9E7777B12C2
197,+15408694527,3,387A28F2-022F-4C06-A486-E9E7777B12C2
198,cebe_information@nps.gov,1,387A28F2-022F-4C06-A486-E9E7777B12C2
199,+15057867014,2,9C730246-CCB2-496F-AD0E-1D31D76C4C45
200,chcu_information@nps.gov,1,9C730246-CCB2-496F-AD0E-1D31D76C4C45
201,+19155327273,2,EA328EBD-71CC-49B9-8F64-97C8A188BCA4
202,+19155327240,3,EA328EBD-71CC-49B9-8F64-97C8A188BCA4
203,cham_information@nps.gov,1,EA328EBD-71CC-49B9-8F64-97C8A188BCA4
204,+18056585730,2,5595FC7A-F218-4439-8D2E-F47449838820
205,+18056585799,3,5595FC7A-F218-4439-8D2E-F47449838820
206,chis_information@nps.gov,1,5595FC7A-F218-4439-8D2E-F47449838820
207,+18435770242,2,08EFF7E4-0FE4-4402-B23A-124EB8AAC249
208,+18438817070,3,08EFF7E4-0FE4-4402-B23A-124EB8AAC249
209,chpi_information@nps.gov,1,08EFF7E4-0FE4-4402-B23A-124EB8AAC249
210,+19373526757,2,22177869-21C7-49A1-961C-3F2114F01007
211,chyo_info@nps.gov,1,22177869-21C7-49A1-961C-3F2114F01007
212,+16785381200,2,021F297B-D672-4794-8C5E-BB58743F252A
213,+17703998087,3,021F297B-D672-4794-8C5E-BB58743F252A
214,chat_superintendent@nps.gov,1,021F297B-D672-4794-8C5E-BB58743F252A
215,+13017394200,2,9192FFEE-4D88-4A03-A054-F47C33F0C3E9
216,+13017395275,3,9192FFEE-4D88-4A03-A054-F47C33F0C3E9
217,CHOH_Information@nps.gov,1,9192FFEE-4D88-4A03-A054-F47C33F0C3E9
218,+14102602470,2,25554F74-A4AB-4C49-9071-341F00F0DAB8
219,chesapeake_info@nps.gov,1,25554F74-A4AB-4C49-9071-341F00F0DAB8
220,+17068669241,2,FD536267-125D-4CEB-8978-2B2767C3B2FF
221,+17068667981,3,FD536267-125D-4CEB-8978-2B2767C3B2FF
222,chch_information@nps.gov,1,FD536267-125D-4CEB-8978-2B2767C3B2FF
223,+15806227234,2,16809469-7649-4DFA-9C76-57F2B9946DDC
224,chic_interpretation@nps.gov,1,16809469-7649-4DFA-9C76-57F2B9946DDC
225,+15208243560,2,E98D419A-A118-49D5-89AF-3C4F9BE7372D
226,chir_interpretation@nps.gov,1,E98D419A-A118-49D5-89AF-3C4F9BE7372D
227,+13407731460,2,A6290572-1871-4285-90F5-7C313FE2583E
228,+13407191791,3,A6290572-1871-4285-90F5-7C313FE2583E
229,CHRI_Webmail@nps.gov,1,A6290572-1871-4285-90F5-7C313FE2583E
230,+12088245901,2,FC72FEF5-362F-4C9B-B6A1-88FA559D84CE
231,ciro_superintendent@nps.gov,1,FC72FEF5-362F-4C9B-B6A1-88FA559D84CE
232,+12028292163,2,8A6C3A35-C48B-4125-82E1-939A1B3A535C
233,kenya_finley@nps.gov,1,8A6C3A35-C48B-4125-82E1-939A1B3A535C
234,+13013201400,2,80B93073-3A9D-4BD8-A8F5-5CB84CD35FE1
235,gwmp_clara_barton_nhs@nps.gov,1,80B93073-3A9D-4BD8-A8F5-5CB84CD35FE1
236,+17578982410,2,1FC8F995-C4F2-4553-BDE4-BB43AAB12ED6
237,+17578986346,3,1FC8F995-C4F2-4553-BDE4-BB43AAB12ED6
238,COLO_Info@nps.gov,1,1FC8F995-C4F2-4553-BDE4-BB43AAB12ED6
239,+19708582800,2,EC5A2653-4470-46E7-8B57-30B8ADE46445
240,+19708580372,3,EC5A2653-4470-46E7-8B57-30B8ADE46445
241,colm_info@nps.gov,1,EC5A2653-4470-46E7-8B57-30B8ADE46445
242,+18605006078,2,42E23CFA-4849-43D1-B9C7-77509C0AB85B
243,colt@nps.gov,1,42E23CFA-4849-43D1-B9C7-77509C0AB85B
244,+18037764396,2,EEBA7225-7FF5-4B62-B60C-6BBC66351A4E
245,+18037834241,3,EEBA7225-7FF5-4B62-B60C-6BBC66351A4E
246,cong_information@nps.gov,1,EEBA7225-7FF5-4B62-B60C-6BBC66351A4E
247,+12024266841,2,B2F2941A-1BC1-42ED-B02F-541EBC80AEE4
248,national_mall@nps.gov,1,B2F2941A-1BC1-42ED-B02F-541EBC80AEE4
249,+15203665515,2,6ED827FD-EA71-443E-83EE-9367FD14F940
250,coro_interpretation@nps.gov,1,6ED827FD-EA71-443E-83EE-9367FD14F940
251,+18644612828,2,9F7919AF-7B0B-4FDB-98B7-9D0FB3B9E4F1
252,+18644617795,3,9F7919AF-7B0B-4FDB-98B7-9D0FB3B9E4F1
253,COWP_information@nps.gov,1,9F7919AF-7B0B-4FDB-98B7-9D0FB3B9E4F1
254,+15415943000,2,7DC1050A-0DDE-4EF9-B777-3C9349BCC4DE
255,craterlake@nps.gov,1,7DC1050A-0DDE-4EF9-B777-3C9349BCC4DE
256,+12085271300,2,1388A0C7-D12A-4642-885A-A9C723458BA3
257,+12085273073,3,1388A0C7-D12A-4642-885A-A9C723458BA3
258,crmo_information@nps.gov,1,1388A0C7-D12A-4642-885A-A9C723458BA3
259,+16062482817,2,F341E5A4-959B-4D87-B886-23A884633D33
260,+16062487276,3,F341E5A4-959B-4D87-B886-23A884633D33
261,cuga_interpretation@nps.gov,1,F341E5A4-959B-4D87-B886-23A884633D33
262,+19128824336,2,EF680908-DE76-4336-BD51-F33BEB09B4D7
263,cuis_info@nps.gov,1,EF680908-DE76-4336-BD51-F33BEB09B4D7
264,+19706412337,2,80E30980-1B26-4AE7-A039-FA7D8D119070
265,+19706413127,3,80E30980-1B26-4AE7-A039-FA7D8D119070
266,cure_info@nps.gov,1,80E30980-1B26-4AE7-A039-FA7D8D119070
267,+14407173890,2,F4D44F29-3F67-498F-B05B-0783473D2708
268,cuva_info@nps.gov,1,F4D44F29-3F67-498F-B05B-0783473D2708
269,+16618236134,2,D1EAA1D1-E855-42FF-9D06-8E983413BDE5
270,cech_education@nps.gov,1,D1EAA1D1-E855-42FF-9D06-8E983413BDE5
271,+19372257705,2,C62B89CF-F912-46F4-878C-8EEBD843CEC6
272,daav_info@nps.gov,1,C62B89CF-F912-46F4-878C-8EEBD843CEC6
273,+19417920458,2,C40BEE20-AF31-4DB5-AC77-D53EC89D1D9F
274,+19417925094,3,C40BEE20-AF31-4DB5-AC77-D53EC89D1D9F
275,deso_interpretive_staff@nps.gov,1,C40BEE20-AF31-4DB5-AC77-D53EC89D1D9F
276,+17607863200,2,FFC9F9C4-D79D-4CA7-AB0F-7A2AD30061CD
277,deva_information@nps.gov,1,FFC9F9C4-D79D-4CA7-AB0F-7A2AD30061CD
278,+15704262452,2,ECCA243E-109D-4D73-8546-B0A2553DD9E5
279,+15704262402,3,ECCA243E-109D-4D73-8546-B0A2553DD9E5
280,dewa_interpretation@nps.gov,1,ECCA243E-109D-4D73-8546-B0A2553DD9E5
281,+19076839532,2,C0BF2A42-E353-4FAE-B4C4-AA0676B58100
282,denali_info@nps.gov,1,C0BF2A42-E353-4FAE-B4C4-AA0676B58100
283,+17609342289,2,2DC9444C-880F-4738-BA1F-6FB123935A02
284,depo_visitor_information@nps.gov,1,2DC9444C-880F-4738-BA1F-6FB123935A02
285,+13074675283,2,335368E4-B5CE-4370-8324-4A841AFA5025
286,+13074675350,3,335368E4-B5CE-4370-8324-4A841AFA5025
287,deto_interpretation@nps.gov,1,335368E4-B5CE-4370-8324-4A841AFA5025
288,+14357817700,2,061D9754-B947-48FD-99BE-1FE1AAD1BB90
289,+14357817735,3,061D9754-B947-48FD-99BE-1FE1AAD1BB90
290,dino_information@nps.gov,1,061D9754-B947-48FD-99BE-1FE1AAD1BB90
291,+13052427700,2,167A05D1-5793-49E0-89FE-0A1DDFA9A7F4
292,+13052427711,3,167A05D1-5793-49E0-89FE-0A1DDFA9A7F4
293,drto_information@nps.gov,1,167A05D1-5793-49E0-89FE-0A1DDFA9A7F4
294,+12024266841,2,658C035B-119B-4C6F-9720-67872AD6A8A5
295,national_mall@nps.gov,1,658C035B-119B-4C6F-9720-67872AD6A8A5
296,+13606786084,2,98C8117C-EDE9-4A7C-9354-5AD0DEFDB848
297,clifford_deloreon@nps.gov,1,98C8117C-EDE9-4A7C-9354-5AD0DEFDB848
298,+12159652305,2,7D06F9D0-1D89-48B5-AFC6-E096C3288C1E
299,indevisitorinfo@nps.gov,1,7D06F9D0-1D89-48B5-AFC6-E096C3288C1E
300,+15638733491,2,0265E5A4-576A-4626-882A-05971DEE9B76
301,efmo_interpretation@nps.gov,1,0265E5A4-576A-4626-882A-05971DEE9B76
302,+17173389114,2,29621EB6-DFBA-40DD-A880-FE29BE9EE2D7
303,gett_superintendent@nps.gov,1,29621EB6-DFBA-40DD-A880-FE29BE9EE2D7
304,ntir_information@nps.gov,1,2EE542B6-3806-4E9C-ABBD-C4CC4C7E97C7
305,ntir_information@nps.gov,1,111711AC-B056-4CCF-B08F-35EE0E313CF4
306,+15058762783,2,0826F21E-43A2-4675-8D2A-11F676293364
307,elma_social_media@nps.gov,1,0826F21E-43A2-4675-8D2A-11F676293364
308,+15057834226,2,F894BEB4-0058-4FB9-9E5B-68DB9A5BD198
309,+15057834689,3,F894BEB4-0058-4FB9-9E5B-68DB9A5BD198
310,wendy_gordge@nps.gov,1,F894BEB4-0058-4FB9-9E5B-68DB9A5BD198
311,+18452299422,2,04CB5DB1-522B-4C2C-BB3F-C36361E391E7
312,margaret_laffin@nps.gov,1,04CB5DB1-522B-4C2C-BB3F-C36361E391E7
313,+12123633200,2,73A512A3-807A-457C-8A3B-5862C9C28BBD
314,stli_info@nps.gov,1,73A512A3-807A-457C-8A3B-5862C9C28BBD
315,+16624831231,2,0776E4B1-036C-4C61-9F5D-F5DB0EFB3220
316,till_info@nps.gov,1,0776E4B1-036C-4C61-9F5D-F5DB0EFB3220
317,+19252288860,2,353241CC-4C4A-4F9E-A928-EFDCE2C6E29A
318,euon_general_info@nps.gov,1,353241CC-4C4A-4F9E-A928-EFDCE2C6E29A
319,+13052427700,2,5EA02193-276A-4037-B7DB-5765A56935FD
320,+13052427728,3,5EA02193-276A-4037-B7DB-5765A56935FD
321,ever_information@nps.gov,1,5EA02193-276A-4037-B7DB-5765A56935FD
322,+12128256990,2,2337D255-2D32-4997-957A-D461EEA03AF8
323,+12126682899,3,2337D255-2D32-4997-957A-D461EEA03AF8
324,feha_info@nps.gov,1,2337D255-2D32-4997-957A-D461EEA03AF8
325,+16315692100,2,8A31246D-5AB9-4A0E-8FBA-A9780C468935
326,FIIS_Information@nps.gov,1,8A31246D-5AB9-4A0E-8FBA-A9780C468935
327,+13304520876,2,35CB040E-765C-47D0-A594-05943E64EF3E
328,FILA_info@nps.gov,1,35CB040E-765C-47D0-A594-05943E64EF3E
329,+13023173854,2,7861C177-A600-4B37-B217-E9E64DC04F34
330,firststate@nps.gov,1,7861C177-A600-4B37-B217-E9E64DC04F34
331,+18148936322,2,CA3ABD4B-B2BB-4949-9705-60CADB175FC4
332,+18148936329,3,CA3ABD4B-B2BB-4949-9705-60CADB175FC4
333,flni_superintendent@nps.gov,1,CA3ABD4B-B2BB-4949-9705-60CADB175FC4
334,+17197483253,2,1F38885B-538E-499C-B5A6-30D76267AC7F
335,+17197483164,3,1F38885B-538E-499C-B5A6-30D76267AC7F
336,flfo_information@nps.gov,1,1F38885B-538E-499C-B5A6-30D76267AC7F
337,+12024266924,2,C1D82E29-1291-415B-9834-5A0480D2732C
338,fords_theatre@nps.gov,1,C1D82E29-1291-415B-9834-5A0480D2732C
339,+15205496751,2,5AD68231-8681-43F6-89B1-08E5AA4C7FE6
340,chir_interpretation@nps.gov,1,5AD68231-8681-43F6-89B1-08E5AA4C7FE6
341,+14324263224,2,DE70B987-01A4-4BA5-9662-030BE3329AB3
342,+14324263122,3,DE70B987-01A4-4BA5-9662-030BE3329AB3
343,FODA_Superintendent@nps.gov,1,DE70B987-01A4-4BA5-9662-030BE3329AB3
344,+19312325706,2,7DD7A9E8-E1E9-4759-A764-5FF81FC520ED
345,fodo_administration@nps.gov,1,7DD7A9E8-E1E9-4759-A764-5FF81FC520ED
346,+12028292163,2,3659D57D-BF06-4351-8B14-5F447120A389
347,kenya_finley@nps.gov,1,3659D57D-BF06-4351-8B14-5F447120A389
348,+17712081555,2,649C339B-35AE-4A4D-96A5-B54E46BA8D71
349,fowa_visitorservices@nps.gov,1,649C339B-35AE-4A4D-96A5-B54E46BA8D71
350,+19126383639,2,4301F6E9-750B-489D-B8E4-4204165894A1
351,+19126345357,3,4301F6E9-750B-489D-B8E4-4204165894A1
352,fofr_visitor_information@nps.gov,1,4301F6E9-750B-489D-B8E4-4204165894A1
353,+13078372221,2,53C5C818-EB7C-4FEB-B94F-892588205D64
354,+13078372120,3,53C5C818-EB7C-4FEB-B94F-892588205D64
355,FOLA_Visitor_Information@nps.gov,1,53C5C818-EB7C-4FEB-B94F-892588205D64
356,+16202856911,2,6C6ABAB9-7F52-4172-8009-817612726CFF
357,+16202853571,3,6C6ABAB9-7F52-4172-8009-817612726CFF
358,fols_internet@nps.gov,1,6C6ABAB9-7F52-4172-8009-817612726CFF
359,+19044710116,2,31E84ADD-24C1-400B-9D8B-4588D8DC521C
360,+19044717605,3,31E84ADD-24C1-400B-9D8B-4588D8DC521C
361,CASA_Ranger_Activities@nps.gov,1,31E84ADD-24C1-400B-9D8B-4588D8DC521C
362,+14109624290,2,B0DE766C-E87F-48BE-A94F-C9D774AD52FD
363,+14109622500,3,B0DE766C-E87F-48BE-A94F-C9D774AD52FD
364,FOMC_Interpretation@nps.gov,1,B0DE766C-E87F-48BE-A94F-C9D774AD52FD
365,+17577223678,2,BDE93DB8-0A71-4C18-9F10-489815E742CC
366,fomr_interpretation@nps.gov,1,BDE93DB8-0A71-4C18-9F10-489815E742CC
367,+17243295805,2,D2E64293-4B46-4F1A-8902-7D0FCAD268C0
368,+17243298682,3,D2E64293-4B46-4F1A-8902-7D0FCAD268C0
369,fone_interpretation@nps.gov,1,D2E64293-4B46-4F1A-8902-7D0FCAD268C0
370,+14155614959,2,7FF57085-3B53-498D-86B5-96F5F1493A06
371,goga_fopo_socialmedia@nps.gov,1,7FF57085-3B53-498D-86B5-96F5F1493A06
372,+19122194233,2,3249A652-F901-40F2-A608-635B0F41574B
373,fopu_information@nps.gov,1,3249A652-F901-40F2-A608-635B0F41574B
374,+12524732111,2,C84BCBF8-FC75-48BB-8032-6FF56AB2DCED
375,caha_public_affairs@nps.gov,1,C84BCBF8-FC75-48BB-8032-6FF56AB2DCED
376,+16202230310,2,8CA5777A-FFDF-45AE-9705-C4DE268D1BCC
377,+16202230188,3,8CA5777A-FFDF-45AE-9705-C4DE268D1BCC
378,fosc_interpretation@nps.gov,1,8CA5777A-FFDF-45AE-9705-C4DE268D1BCC
379,+14797833961,2,54DC5EA0-2635-4154-BBD0-AF0F38D76933
380,+14797835307,3,54DC5EA0-2635-4154-BBD0-AF0F38D76933
381,fosm_parkinfo@nps.gov,1,54DC5EA0-2635-4154-BBD0-AF0F38D76933
382,+13153387730,2,D57C8F0D-71E9-46D7-B00B-001BC7E39096
383,+13153345051,3,D57C8F0D-71E9-46D7-B00B-001BC7E39096
384,+18006621220,4,D57C8F0D-71E9-46D7-B00B-001BC7E39096
385,fost_info@nps.gov,1,D57C8F0D-71E9-46D7-B00B-001BC7E39096
386,+18438833123,2,372AF558-26C8-461F-B011-AF359276398D
387,fosu_information@nps.gov,1,372AF558-26C8-461F-B011-AF359276398D
388,+15054258025,2,FB1AE18D-522F-434B-9983-3D0194CE1995
389,+15054549272,3,FB1AE18D-522F-434B-9983-3D0194CE1995
390,foun_information@nps.gov,1,FB1AE18D-522F-434B-9983-3D0194CE1995
391,+17015729083,2,60B1534B-5C3A-402A-ABC6-700B756F69A2
392,+17015727321,3,60B1534B-5C3A-402A-ABC6-700B756F69A2
393,fous_socialmedia@nps.gov,1,60B1534B-5C3A-402A-ABC6-700B756F69A2
394,+13608166230,2,B13AB831-6806-4CBA-A93D-4E2FCC39F6F7
395,fova_information@nps.gov,1,B13AB831-6806-4CBA-A93D-4E2FCC39F6F7
396,+17712081555,2,E49B3D75-8676-4417-BFAD-8B3E23B1418B
397,fowa_visitorservices@nps.gov,1,E49B3D75-8676-4417-BFAD-8B3E23B1418B
398,+13078774455,2,57CCF213-6285-408F-AD58-CC2DB9D5B6C1
399,fobu_information@nps.gov,1,57CCF213-6285-408F-AD58-CC2DB9D5B6C1
400,+12024266841,2,8F8CC788-D1BB-42BC-A41E-B442E2B001C8
401,national_mall@nps.gov,1,8F8CC788-D1BB-42BC-A41E-B442E2B001C8
402,+17712081499,2,F6831504-A456-45C8-B87B-0FCE1D849A12
403,NACE_VisitorServices@nps.gov,1,F6831504-A456-45C8-B87B-0FCE1D849A12
404,+16175661689,2,CDC0FE7F-C249-466C-88B2-B81FC5279B91
405,frla_interpretation@nps.gov,1,CDC0FE7F-C249-466C-88B2-B81FC5279B91
406,+15406933200,2,52430E36-3361-4BB8-BE6F-0F2834E50CB3
407,FRSP_Info@nps.gov,1,52430E36-3361-4BB8-BE6F-0F2834E50CB3
408,+12056790065,2,FFEB6894-949B-4C17-924D-646B63966718
409,frri_information@nps.gov,1,FFEB6894-949B-4C17-924D-646B63966718
410,+17243292501,2,F6D0ABED-2C07-4194-8CB7-09476271EDB9
411,+17243292515,3,F6D0ABED-2C07-4194-8CB7-09476271EDB9
412,frhi_interpretation@nps.gov,1,F6D0ABED-2C07-4194-8CB7-09476271EDB9
413,+19074593730,2,BC195D18-71C8-4A99-BF8E-10BFAB849679
414,fair_information@nps.gov,1,BC195D18-71C8-4A99-BF8E-10BFAB849679
415,+13146551600,2,BD588493-EC77-4B97-B73E-3BA444864DC5
416,+13146551641,3,BD588493-EC77-4B97-B73E-3BA444864DC5
417,+18007352966,4,BD588493-EC77-4B97-B73E-3BA444864DC5
418,jeff_superintendent@nps.gov,1,BD588493-EC77-4B97-B73E-3BA444864DC5
419,+17183544606,2,BBC5BE3F-E921-40B5-A850-F259D9FAF88C
420,daphne_yun@nps.gov,1,BBC5BE3F-E921-40B5-A850-F259D9FAF88C
421,+13044650508,2,A1994071-1BCB-4C14-9C21-108348882067
422,+13044650591,3,A1994071-1BCB-4C14-9C21-108348882067
423,neri_interpretation@nps.gov,1,A1994071-1BCB-4C14-9C21-108348882067
424,+16466707251,2,99F1F4ED-5B14-4756-B0EB-FF251B1A12BD
425,gegr_info@nps.gov,1,99F1F4ED-5B14-4756-B0EB-FF251B1A12BD
426,+18128821776,2,48C4BDA1-98A3-441A-87FF-BAAB3AA043AE
427,GERO_Ranger_Activities@nps.gov,1,48C4BDA1-98A3-441A-87FF-BAAB3AA043AE
428,+18042241732,2,542D7CC3-B948-4891-9811-829661F30686
429,+18042242142,3,542D7CC3-B948-4891-9811-829661F30686
430,GEWA_Superintendent@nps.gov,1,542D7CC3-B948-4891-9811-829661F30686
431,+14173254151,2,56A5A3B1-4F49-4517-86B8-AE2F272D0C42
432,+14173254231,3,56A5A3B1-4F49-4517-86B8-AE2F272D0C42
433,gwca_interpretation@nps.gov,1,56A5A3B1-4F49-4517-86B8-AE2F272D0C42
434,+17032892500,2,E6D5BB41-3251-469F-ABDA-7B43B966F0CF
435,gwmp_superintendent@nps.gov,1,E6D5BB41-3251-469F-ABDA-7B43B966F0CF
436,GETT_Superintendent@nps.gov,1,8C330DA3-6194-4034-8948-C6B6772B82A0
437,+15755369461,2,1BB1F955-A830-4E85-A80F-5E940A143CE5
438,+15755369344,3,1BB1F955-A830-4E85-A80F-5E940A143CE5
439,gicl_information@nps.gov,1,1BB1F955-A830-4E85-A80F-5E940A143CE5
440,+19076972230,2,3682DBDE-6746-4979-86CC-2358C5B72661
441,+19076972654,3,3682DBDE-6746-4979-86CC-2358C5B72661
442,glba_administration@nps.gov,1,3682DBDE-6746-4979-86CC-2358C5B72661
443,+14068887800,2,2B5178C6-2446-488C-AC31-47E3CEBF7159
444,+14068887808,3,2B5178C6-2446-488C-AC31-47E3CEBF7159
445,+14068887806,4,2B5178C6-2446-488C-AC31-47E3CEBF7159
446,glac_questions@nps.gov,1,2B5178C6-2446-488C-AC31-47E3CEBF7159
447,+19286086200,2,F7EB51F0-240D-49BC-968C-792756A3B1A0
448,glca_information@nps.gov,1,F7EB51F0-240D-49BC-968C-792756A3B1A0
449,+13013201400,2,3FBC6D2D-C61B-4399-BC35-1B00C92C406A
450,gwmp_glen_echo@nps.gov,1,3FBC6D2D-C61B-4399-BC35-1B00C92C406A
451,+12153891513,2,4A2954A3-F00F-46E4-8FC7-BB2766350518
452,indevisitorinfo@nps.gov,1,4A2954A3-F00F-46E4-8FC7-BB2766350518
453,+14155614700,2,0E797FA8-6E31-418B-A68F-13CEE37A2AF5
454,goga_socialmedia_goga@nps.gov,1,0E797FA8-6E31-418B-A68F-13CEE37A2AF5
455,+14354712209,2,8F858FBE-8E28-491A-BCBD-67E23D535EEA
456,+14354712341,3,8F858FBE-8E28-491A-BCBD-67E23D535EEA
457,gosp_interpretation@nps.gov,1,8F858FBE-8E28-491A-BCBD-67E23D535EEA
458,+12128253054,2,F7DA09B4-41C4-4372-9EBB-15AD1526B391
459,Joseph_Korber@nps.gov,1,F7DA09B4-41C4-4372-9EBB-15AD1526B391
460,+19286387888,2,B7FF43E5-3A95-4C8E-8DBE-72D8608D6588
461,grca_information@nps.gov,1,B7FF43E5-3A95-4C8E-8DBE-72D8608D6588
462,+14356883200,2,F614E6C5-1283-431A-AF44-15FC849D65FE
463,para_interpretation@nps.gov,1,F614E6C5-1283-431A-AF44-15FC849D65FE
464,+12184750123,2,E463E13F-FCD4-41B3-AEF3-BA3199E04399
465,+12184750174,3,E463E13F-FCD4-41B3-AEF3-BA3199E04399
466,+12184750123,4,E463E13F-FCD4-41B3-AEF3-BA3199E04399
467,grpo_information@nps.gov,1,E463E13F-FCD4-41B3-AEF3-BA3199E04399
468,+13077393399,2,FF73E2AA-E274-44E1-A8F5-9DD998B0F579
469,+13077393301,4,FF73E2AA-E274-44E1-A8F5-9DD998B0F579
470,grte_info@nps.gov,1,FF73E2AA-E274-44E1-A8F5-9DD998B0F579
471,+14068462070,2,72A30002-12FA-4738-BCA7-1FA8062214CB
472,+14068463962,3,72A30002-12FA-4738-BCA7-1FA8062214CB
473,grko_interpretation@nps.gov,1,72A30002-12FA-4738-BCA7-1FA8062214CB
474,+17752347331,2,4C1A549B-080F-4522-9CA7-67BB5A0845CA
475,+17752347269,3,4C1A549B-080F-4522-9CA7-67BB5A0845CA
476,grba_interpretation@nps.gov,1,4C1A549B-080F-4522-9CA7-67BB5A0845CA
477,+12155975823,2,5B1021C9-5F48-4747-B0E4-6F508FDF96AE
478,+12155975747,3,5B1021C9-5F48-4747-B0E4-6F508FDF96AE
479,paul_kenney@nps.gov,1,5B1021C9-5F48-4747-B0E4-6F508FDF96AE
480,+17037573101,2,4DC6F018-E87E-46AE-8F05-BA30D3B82FF9
481,gwmp_superintendent@nps.gov,1,4DC6F018-E87E-46AE-8F05-BA30D3B82FF9
482,+17193786395,2,461D40CC-4379-4C1B-ADB8-3563147F61A1
483,+17193786310,3,461D40CC-4379-4C1B-ADB8-3563147F61A1
484,grsa_interpretation@nps.gov,1,461D40CC-4379-4C1B-ADB8-3563147F61A1
485,+18654361200,2,D9819727-18DF-4A84-BDDE-D4F2696DE340
486,GRSM_Smokies_Information@nps.gov,1,D9819727-18DF-4A84-BDDE-D4F2696DE340
487,+15406933200,2,67B6A06A-1B09-44DE-BCA4-C013EE30DDD0
488,noel_harrison@nps.gov,1,67B6A06A-1B09-44DE-BCA4-C013EE30DDD0
489,+17712081588,2,8CEE28AB-50AE-4AC6-ACEF-B209A5346743
490,gree_visitorservices@nps.gov,1,8CEE28AB-50AE-4AC6-ACEF-B209A5346743
491,+19158283251,2,6510001B-685D-4688-A963-4ECE7AB609DB
492,gumo_information@nps.gov,1,6510001B-685D-4688-A963-4ECE7AB609DB
493,+13362881776,2,D1417003-3F9E-4FE0-9C6B-8ECE50855C7B
494,guco_administration@nps.gov,1,D1417003-3F9E-4FE0-9C6B-8ECE50855C7B
495,+18509342600,2,ACA78E27-3C26-4C8B-8CCB-9F0B5BED247F
496,guis_information@nps.gov,1,ACA78E27-3C26-4C8B-8CCB-9F0B5BED247F
497,+12089334105,2,BEE3E4AA-D61B-4197-A2A0-567D15734766
498,+12088374857,3,BEE3E4AA-D61B-4197-A2A0-567D15734766
499,hafo_information@nps.gov,1,BEE3E4AA-D61B-4197-A2A0-567D15734766
500,+18085724400,2,4930BAEB-A3BF-4825-9796-DCD0FD1C3BD5
501,hale_interpretation@nps.gov,1,4930BAEB-A3BF-4825-9796-DCD0FD1C3BD5
502,+16465482310,2,4E169088-14AC-41DB-A6B2-BB3925B1CF0A
503,HAGR_info@nps.gov,1,4E169088-14AC-41DB-A6B2-BB3925B1CF0A
504,+14109624290,2,5FD56750-4A13-4615-B987-793AC356B320
505,HAMP_Interpretation@nps.gov,1,5FD56750-4A13-4615-B987-793AC356B320
506,+17712081555,2,211E9758-FA5F-4BAA-AABF-D939B7C07A79
507,haha_visitorservices@nps.gov,1,211E9758-FA5F-4BAA-AABF-D939B7C07A79
508,+13045356029,2,2828F5DF-F4E9-48DE-9D4D-2EC39E0276B2
509,harpersferry_info@nps.gov,1,2828F5DF-F4E9-48DE-9D4D-2EC39E0276B2
510,+13155680024,2,067468EC-25DB-447C-91A8-068C167EEF32
511,hart_information@nps.gov,1,067468EC-25DB-447C-91A8-068C167EEF32
512,+14102212290,2,380E7DFB-6F37-499F-8996-356EC5F0DDE5
513,hatu_information@nps.gov,1,380E7DFB-6F37-499F-8996-356EC5F0DDE5
514,+18162549929,2,76F393BA-D39F-43E9-B0A3-F746E2FEAD85
515,+18162544491,3,76F393BA-D39F-43E9-B0A3-F746E2FEAD85
516,HSTR_Ranger@nps.gov,1,76F393BA-D39F-43E9-B0A3-F746E2FEAD85
517,+18089856011,2,D9BF4288-9AC3-4526-9598-BE8920839ACC
518,+18089856004,3,D9BF4288-9AC3-4526-9598-BE8920839ACC
519,havo_information@nps.gov,1,D9BF4288-9AC3-4526-9598-BE8920839ACC
520,+13196432541,2,43AC146A-0903-4E4A-BD7D-7169655009C7
521,+13196437864,3,43AC146A-0903-4E4A-BD7D-7169655009C7
522,+13196432594,4,43AC146A-0903-4E4A-BD7D-7169655009C7
523,heho_information@nps.gov,1,43AC146A-0903-4E4A-BD7D-7169655009C7
524,+17578982410,2,9CFF594A-8DB1-4377-BE2A-10CC2B0C47E1
525,+17572294273,3,9CFF594A-8DB1-4377-BE2A-10CC2B0C47E1
526,colo_info@nps.gov,1,9CFF594A-8DB1-4377-BE2A-10CC2B0C47E1
527,+18452295320,2,BBA0A580-E05B-42DD-A64F-7C6F958091C5
528,margaret_laffin@nps.gov,1,BBA0A580-E05B-42DD-A64F-7C6F958091C5
529,+14022233514,2,3E1E316B-2F1A-4F08-8BD0-AE64761D68C2
530,+14022284231,3,3E1E316B-2F1A-4F08-8BD0-AE64761D68C2
531,home_information@nps.gov,1,3E1E316B-2F1A-4F08-8BD0-AE64761D68C2
532,hono_superintendent@nps.gov,1,88F37F00-EAD0-44C4-88D1-F42D52BF661B
533,+17407741125,2,BE344FC9-4366-493D-B881-4E5AD4973CF5
534,+17407741140,3,BE344FC9-4366-493D-B881-4E5AD4973CF5
535,hocu_info@nps.gov,1,BE344FC9-4366-493D-B881-4E5AD4973CF5
536,+16105828773,2,D709F8AB-E094-4C58-8B9E-2E4958AA2BF2
537,+16105822768,3,D709F8AB-E094-4C58-8B9E-2E4958AA2BF2
538,hofu_superintendent@nps.gov,1,D709F8AB-E094-4C58-8B9E-2E4958AA2BF2
539,+12562347111,2,7565F317-EA13-4E07-9059-D6831CA7E4A9
540,+12563299905,3,7565F317-EA13-4E07-9059-D6831CA7E4A9
541,HOBE_Information@nps.gov,1,7565F317-EA13-4E07-9059-D6831CA7E4A9
542,+15016206715,2,ED9C0322-68FB-4DE1-A884-61C623281C9D
543,+15016206779,3,ED9C0322-68FB-4DE1-A884-61C623281C9D
544,hosp_park_information@nps.gov,1,ED9C0322-68FB-4DE1-A884-61C623281C9D
545,+19705624282,2,BA84404E-743C-4841-9F83-87CEDA164E5B
546,hoveinfo@nps.gov,1,BA84404E-743C-4841-9F83-87CEDA164E5B
547,+19287553475,2,E2A4E070-D68B-42D6-8353-4438ED2F43AB
548,+19287553405,3,E2A4E070-D68B-42D6-8353-4438ED2F43AB
549,HUTR_ranger_activities@nps.gov,1,E2A4E070-D68B-42D6-8353-4438ED2F43AB
550,+15092379722,2,07D9E506-B86A-4762-801F-2D333F369D5D
551,iafl_program_manager@nps.gov,1,07D9E506-B86A-4762-801F-2D333F369D5D
552,+16087988700,2,DED290D0-879A-4134-BBC3-54980D80959E
553,iatr_administration@nps.gov,1,DED290D0-879A-4134-BBC3-54980D80959E
554,+12159652305,2,CF35CC35-12CE-473D-9E4C-703916105B78
555,indevisitorinfo@nps.gov,1,CF35CC35-12CE-473D-9E4C-703916105B78
556,+12193951882,2,473EFACE-EE15-4A4F-AA6C-666810A9E27D
557,indu_communications@nps.gov,1,473EFACE-EE15-4A4F-AA6C-666810A9E27D
558,+19064820984,2,0F6893CF-FC15-4AC5-8C95-E70FC9C21B1A
559,isro_parkinfo@nps.gov,1,0F6893CF-FC15-4AC5-8C95-E70FC9C21B1A
560,+19078520422,2,622B7696-B7D8-41D8-A3C9-C82A60D0CD12
561,+19078524224,3,622B7696-B7D8-41D8-A3C9-C82A60D0CD12
562,jeff_rasic@nps.gov,1,622B7696-B7D8-41D8-A3C9-C82A60D0CD12
563,+14402558722,2,DE848801-6FFA-4961-901A-CBE120F569F5
564,+14409742045,3,DE848801-6FFA-4961-901A-CBE120F569F5
565,jaga_interpretation@nps.gov,1,DE848801-6FFA-4961-901A-CBE120F569F5
566,+15045893882,2,ED57A2B1-2560-471C-82A7-7EF6BC3486F8
567,+15045893851,3,ED57A2B1-2560-471C-82A7-7EF6BC3486F8
568,jela_interpretation@nps.gov,1,ED57A2B1-2560-471C-82A7-7EF6BC3486F8
569,+16056738300,2,A71EF659-5A33-4CCC-93CE-340F23A88E3E
570,+16056738397,3,A71EF659-5A33-4CCC-93CE-340F23A88E3E
571,jeca_information@nps.gov,1,A71EF659-5A33-4CCC-93CE-340F23A88E3E
572,+12298244104,2,F63CFF21-C861-422D-A725-B8F3ECFF6EAE
573,+12298243441,3,F63CFF21-C861-422D-A725-B8F3ECFF6EAE
574,jica_information@nps.gov,1,F63CFF21-C861-422D-A725-B8F3ECFF6EAE
575,+15419872333,2,B2577D2A-A33E-4DCF-B6F8-C299E1DFEC19
576,joda_interpretation@nps.gov,1,B2577D2A-A33E-4DCF-B6F8-C299E1DFEC19
577,+16175667937,2,13E32BB8-D80B-45FA-ABF7-9C0CA5417ADC
578,+16177309884,3,13E32BB8-D80B-45FA-ABF7-9C0CA5417ADC
579,jason_atsales@nps.gov,1,13E32BB8-D80B-45FA-ABF7-9C0CA5417ADC
580,+19252288860,2,F339067B-A588-4BF3-9D90-1C1BA1249203
581,jomu_general_info@nps.gov,1,F339067B-A588-4BF3-9D90-1C1BA1249203
582,+18148866171,2,A8C04CA4-FEFF-4FDD-99C4-5BA801AA2DB5
583,jofl_interpretation@nps.gov,1,A8C04CA4-FEFF-4FDD-99C4-5BA801AA2DB5
584,+17603675500,2,F5CD58FB-05DC-4074-99DA-F327A537F1BC
585,+17603676392,3,F5CD58FB-05DC-4074-99DA-F327A537F1BC
586,jotr_info@nps.gov,1,F5CD58FB-05DC-4074-99DA-F327A537F1BC
587,+15102325050,2,062F89B7-8DB4-4ACD-88D1-573669E63091
588,juba_info@nps.gov,1,062F89B7-8DB4-4ACD-88D1-573669E63091
589,+18085676802,2,3C869976-DF2E-4D99-9918-366DFE637846
590,+18085676729,3,3C869976-DF2E-4D99-9918-366DFE637846
591,kala_superintendent@nps.gov,1,3C869976-DF2E-4D99-9918-366DFE637846
592,+18083296881,2,C8B7FCAD-0176-4ABC-8774-90A264E646F1
593,+18083292597,3,C8B7FCAD-0176-4ABC-8774-90A264E646F1
594,leilani_rodrigues@nps.gov,1,C8B7FCAD-0176-4ABC-8774-90A264E646F1
595,+12074566001,2,406F7D87-F34F-41C9-9CCE-9FD53ABBA9A7
596,kaww_info@nps.gov,1,406F7D87-F34F-41C9-9CCE-9FD53ABBA9A7
597,+19072463305,2,B712CB0C-B3DD-48A6-AA4F-CCD72C87F48B
598,+19072462116,3,B712CB0C-B3DD-48A6-AA4F-CCD72C87F48B
599,KATM_Visitor_Information@nps.gov,1,B712CB0C-B3DD-48A6-AA4F-CCD72C87F48B
600,+19074220500,2,11E73438-0CCC-4441-A76A-1995F67F2D89
601,+19074220571,3,11E73438-0CCC-4441-A76A-1995F67F2D89
602,kefjinformation@nps.gov,1,11E73438-0CCC-4441-A76A-1995F67F2D89
603,+17712081571,2,A1901BAE-94DB-44E4-96D4-1E07422EDF6E
604,+17712081571,4,A1901BAE-94DB-44E4-96D4-1E07422EDF6E
605,keaq_visitorservices@nps.gov,1,A1901BAE-94DB-44E4-96D4-1E07422EDF6E
606,+17704274686,2,AA1E3B48-8B98-4F47-A642-C266A92AB523
607,+17705288398,3,AA1E3B48-8B98-4F47-A642-C266A92AB523
608,kemo_administration@nps.gov,1,AA1E3B48-8B98-4F47-A642-C266A92AB523
609,+19063373168,2,E25D6277-11D8-425F-8498-718C98B13854
610,+19063373169,3,E25D6277-11D8-425F-8498-718C98B13854
611,kewe_information@nps.gov,1,E25D6277-11D8-425F-8498-718C98B13854
612,+18649367921,2,C7C40543-5879-48FC-8E55-C26F3E0B4CCD
613,KIMO_Information@nps.gov,1,C7C40543-5879-48FC-8E55-C26F3E0B4CCD
614,+12062204240,2,0529BC85-CD42-4DA9-AC60-CAD7C40C3525
615,klse_ranger_activities@nps.gov,1,0529BC85-CD42-4DA9-AC60-CAD7C40C3525
616,+19079839200,2,5D4AA834-B601-44A8-B786-FF3306BA8A39
617,+19079839249,3,5D4AA834-B601-44A8-B786-FF3306BA8A39
618,klgo_information@nps.gov,1,5D4AA834-B601-44A8-B786-FF3306BA8A39
619,+17017453300,2,0103833B-8114-4483-9754-11B5171BCB20
620,+17017453708,3,0103833B-8114-4483-9754-11B5171BCB20
621,KNRI_Information@nps.gov,1,0103833B-8114-4483-9754-11B5171BCB20
622,+19074423890,2,691831BF-F280-4E02-BF4A-FF476BC66B23
623,+19074428316,3,691831BF-F280-4E02-BF4A-FF476BC66B23
624,wear_webmail@nps.gov,1,691831BF-F280-4E02-BF4A-FF476BC66B23
625,+12024266841,2,0DEA542F-01B7-4631-8AAD-124161D7B7E6
626,national_mall@nps.gov,1,0DEA542F-01B7-4631-8AAD-124161D7B7E6
627,+17032351530,2,D50B95B0-11C7-4F0A-8B3A-9BAC66E8F1A7
628,gwmp_superintendent@nps.gov,1,D50B95B0-11C7-4F0A-8B3A-9BAC66E8F1A7
629,+19076443626,2,5F76F85B-23F4-4616-AA0B-A26E8DE76593
630,lacl_visitor_information@nps.gov,1,5F76F85B-23F4-4616-AA0B-A26E8DE76593
631,+17022938990,2,7B43EA5B-298C-4BAB-B22D-860B852B40A5
632,+17022938936,3,7B43EA5B-298C-4BAB-B22D-860B852B40A5
633,LAKE_information@nps.gov,1,7B43EA5B-298C-4BAB-B22D-860B852B40A5
634,+18068573151,2,AC3B46AA-B4C2-4555-A82A-D4CF790DF81D
635,lamr_interpretation@nps.gov,1,AC3B46AA-B4C2-4555-A82A-D4CF790DF81D
636,+15097547800,2,B548FF88-8155-4E56-8E77-FB140D06E1EC
637,laro_web_master@nps.gov,1,B548FF88-8155-4E56-8E77-FB140D06E1EC
638,+15305954480,2,9AA4A53C-0331-43CC-99F5-379BC929FFB2
639,lavo_information@nps.gov,1,9AA4A53C-0331-43CC-99F5-379BC929FFB2
640,+15306678113,2,10AEFADA-AFA0-4998-A9E5-3F504F351AAB
641,LABE_Information@nps.gov,1,10AEFADA-AFA0-4998-A9E5-3F504F351AAB
642,+14026611804,2,5D443C5F-19A0-4A06-9CE4-30534A3DD81A
643,lecl_information@nps.gov,1,5D443C5F-19A0-4A06-9CE4-30534A3DD81A
644,+15038612471,2,2666104A-6685-4F93-9412-8091007BEF6C
645,LEWI_information@nps.gov,1,2666104A-6685-4F93-9412-8091007BEF6C
646,+18129374541,2,E9A0608F-46D6-4072-939F-C81E27AAB236
647,+18129379929,3,E9A0608F-46D6-4072-939F-C81E27AAB236
648,LIBO_superintendent@nps.gov,1,E9A0608F-46D6-4072-939F-C81E27AAB236
649,+12174924241,2,FF52F034-53E3-4F36-AA31-4BEBCC5F007A
650,+12174924673,3,FF52F034-53E3-4F36-AA31-4BEBCC5F007A
651,liho_information@nps.gov,1,FF52F034-53E3-4F36-AA31-4BEBCC5F007A
652,+12024266841,2,1EAEF5FA-8CD4-40D7-8B09-07F20E3E5AA5
653,national_mall@nps.gov,1,1EAEF5FA-8CD4-40D7-8B09-07F20E3E5AA5
654,+14069249167,2,415AA3E1-CE8A-4A24-BD69-451C87107AA4
655,LIBI_information@nps.gov,1,415AA3E1-CE8A-4A24-BD69-451C87107AA4
656,+12568459605,2,C03CF86E-BFB5-470E-AFF3-C1798A61FFE5
657,+12569979129,3,C03CF86E-BFB5-470E-AFF3-C1798A61FFE5
658,liri_information@nps.gov,1,C03CF86E-BFB5-470E-AFF3-C1798A61FFE5
659,+15013741957,2,5C51E54A-BCDA-4186-96C3-1B896C3CDFCB
660,+15013963001,3,5C51E54A-BCDA-4186-96C3-1B896C3CDFCB
661,chsc_info@nps.gov,1,5C51E54A-BCDA-4186-96C3-1B896C3CDFCB
662,+16178764491,2,CE9470A1-A8D7-49DE-A555-1A32FBBAB0FF
663,long_info@nps.gov,1,CE9470A1-A8D7-49DE-A555-1A32FBBAB0FF
664,+19789705000,2,FA6450A4-D2F1-4B35-9817-EA01918597A6
665,+19789705002,4,FA6450A4-D2F1-4B35-9817-EA01918597A6
666,LOWE_Public_Information@nps.gov,1,FA6450A4-D2F1-4B35-9817-EA01918597A6
667,+16179810466,2,64FF65B7-0847-4495-9464-667CAFBF4D16
668,sarah_bursky@nps.gov,1,64FF65B7-0847-4495-9464-667CAFBF4D16
669,+18779753786,2,3725FD28-4693-481E-888C-855484E73800
670,+12124310402,3,3725FD28-4693-481E-888C-855484E73800
671,lestm@tenement.org,1,3725FD28-4693-481E-888C-855484E73800
672,+18308687128,2,ECDFABE2-6448-46EA-886E-FE79ACBBF16E
673,lyjo_information@nps.gov,1,ECDFABE2-6448-46EA-886E-FE79ACBBF16E
674,+18042265041,2,70090004-4DA3-4E20-8F70-9DE064C2AA69
675,Benjamin_Anderson@nps.gov,1,70090004-4DA3-4E20-8F70-9DE064C2AA69
676,+12077286826,2,A609887A-BB48-47AA-A6F6-4C7F77346FC6
677,acadia_information@nps.gov,1,A609887A-BB48-47AA-A6F6-4C7F77346FC6
678,+12707582180,2,6A1737A1-6848-4087-AAF7-68A427247357
679,maca_information@nps.gov,1,6A1737A1-6848-4087-AAF7-68A427247357
680,+17033611339,2,75E4B06E-24C5-4F04-AAB3-F41CF0F55B7A
681,manassas_battlefield@nps.gov,1,75E4B06E-24C5-4F04-AAB3-F41CF0F55B7A
682,+15093761647,2,E777590D-C086-4A88-B5A2-AAE47DBD6A6F
683,mapr_information@nps.gov,1,E777590D-C086-4A88-B5A2-AAE47DBD6A6F
684,+17608782194,2,249AF67F-BB6C-4D0A-B632-07BEE855D24B
685,+17608782949,3,249AF67F-BB6C-4D0A-B632-07BEE855D24B
686,manz_information_request@nps.gov,1,249AF67F-BB6C-4D0A-B632-07BEE855D24B
687,+18024573368,2,AB289D4C-AC48-4C83-8643-45E1FCAAAEB1
688,+18024573405,3,AB289D4C-AC48-4C83-8643-45E1FCAAAEB1
689,mabi_visitorservices@nps.gov,1,AB289D4C-AC48-4C83-8643-45E1FCAAAEB1
690,+12024266841,2,855C9CDC-89B3-4143-9496-D9E6AE292CA1
691,national_mall@nps.gov,1,855C9CDC-89B3-4143-9496-D9E6AE292CA1
692,+14043315190,2,59636FCE-DE81-4D98-890C-585BD48F9AD0
693,+14047303112,3,59636FCE-DE81-4D98-890C-585BD48F9AD0
694,MALU_Information@nps.gov,1,59636FCE-DE81-4D98-890C-585BD48F9AD0
695,+15187641041,2,C1713EAF-0437-4CE1-8CFB-04147E1318F3
696,+15187586986,3,C1713EAF-0437-4CE1-8CFB-04147E1318F3
697,mava_info@nps.gov,1,C1713EAF-0437-4CE1-8CFB-04147E1318F3
698,+17712081583,2,1D530576-5363-4264-9A26-1C0809DB0B6A
699,BethuneNHS@nps.gov,1,1D530576-5363-4264-9A26-1C0809DB0B6A
700,+16013457211,2,01DE3F7C-354D-4468-AC36-2CF5274AB68E
701,MEMY_information@nps.gov,1,01DE3F7C-354D-4468-AC36-2CF5274AB68E
702,+19705294465,2,BE3A981E-BB55-474D-8A0E-D711408682DC
703,+19705294637,3,BE3A981E-BB55-474D-8A0E-D711408682DC
704,meve_general_information@nps.gov,1,BE3A981E-BB55-474D-8A0E-D711408682DC
705,+16066364045,2,0260D050-761A-4446-AB05-641986F9FDFB
706,misp_information@nps.gov,1,0260D050-761A-4446-AB05-641986F9FDFB
707,+12088254169,2,FE52067B-EBB9-4FD2-B613-FE778985BAD9
708,+12088374857,3,FE52067B-EBB9-4FD2-B613-FE778985BAD9
709,Miin_information@nps.gov,1,FE52067B-EBB9-4FD2-B613-FE778985BAD9
710,+19783696993,2,3AB31FA9-E174-4A03-952D-397944D3A3C8
711,mima_info@nps.gov,1,3AB31FA9-E174-4A03-952D-397944D3A3C8
712,+16054335552,2,5DE19B04-85AD-4C3A-93BF-A0D484B1AD91
713,+16054335558,3,5DE19B04-85AD-4C3A-93BF-A0D484B1AD91
714,mimi_information@nps.gov,1,5DE19B04-85AD-4C3A-93BF-A0D484B1AD91
715,+16512930200,2,913100E9-987E-4659-8124-DFCEE3158FCB
716,miss_info@nps.gov,1,913100E9-987E-4659-8124-DFCEE3158FCB
717,+16056650209,2,D43C7439-5C0B-4F4F-9D5B-65080F13AD28
718,+16056654183,3,D43C7439-5C0B-4F4F-9D5B-65080F13AD28
719,mnrr_visitorinfo@nps.gov,1,D43C7439-5C0B-4F4F-9D5B-65080F13AD28
720,+17602526100,2,D509DC08-53AD-4661-A2EA-FC69BE456E50
721,moja_info@nps.gov,1,D509DC08-53AD-4661-A2EA-FC69BE456E50
722,+13016623515,2,8F17B3D6-BFA2-49F2-B553-C10B2B3A3EED
723,+13016687437,3,8F17B3D6-BFA2-49F2-B553-C10B2B3A3EED
724,mono_mail@nps.gov,1,8F17B3D6-BFA2-49F2-B553-C10B2B3A3EED
725,+19285673322,2,D87E3D6F-8007-46F0-971A-B3BC191CC888
726,moca_tuzi_info@nps.gov,1,D87E3D6F-8007-46F0-971A-B3BC191CC888
727,+19102835591,2,617A3B73-D7CD-449D-8E27-41DE3BF149A6
728,mocr_information@nps.gov,1,617A3B73-D7CD-449D-8E27-41DE3BF149A6
729,ntir_information@nps.gov,1,AD731EF0-685F-4397-88C1-A9BB21EBF034
730,+19735392016,2,D68D9424-CD32-434F-88BF-3069ADFB2744
731,morr_interpretation@nps.gov,1,D68D9424-CD32-434F-88BF-3069ADFB2744
732,+13605692211,2,07229CB8-8533-4669-B614-2B884779DD93
733,+13605696519,3,07229CB8-8533-4669-B614-2B884779DD93
734,+13605692177,4,07229CB8-8533-4669-B614-2B884779DD93
735,morainfo@nps.gov,1,07229CB8-8533-4669-B614-2B884779DD93
736,+16055742523,2,5590468F-2446-4B46-A8C1-42505177C298
737,+16055742307,3,5590468F-2446-4B46-A8C1-42505177C298
738,moru_information@nps.gov,1,5590468F-2446-4B46-A8C1-42505177C298
739,+14155612850,2,126A6227-E39F-44F4-A279-B1EA257CBCDA
740,goga_muwo_socialmedia@nps.gov,1,126A6227-E39F-44F4-A279-B1EA257CBCDA
741,+16014465790,2,259CE799-32C4-4CA9-BBDF-2F305018289C
742,natc_superintendent@nps.gov,1,259CE799-32C4-4CA9-BBDF-2F305018289C
743,+18003057417,2,3ACC9199-1234-4E50-B80E-65DB783B4BB7
744,+16626804033,3,3ACC9199-1234-4E50-B80E-65DB783B4BB7
745,natr_interpretation@nps.gov,1,3ACC9199-1234-4E50-B80E-65DB783B4BB7
746,+18003057417,2,E8A0F0B6-983F-4B9A-9A67-BFF6F9E4204A
747,+16626804033,3,E8A0F0B6-983F-4B9A-9A67-BFF6F9E4204A
748,natr_interpretation@nps.gov,1,E8A0F0B6-983F-4B9A-9A67-BFF6F9E4204A
749,+17712081453,2,BA3C1A1D-AA6A-49EB-9237-0222CEEE2670
750,NACE_Superintendent@nps.gov,1,BA3C1A1D-AA6A-49EB-9237-0222CEEE2670
751,+12024266841,2,1E521374-B73C-41CD-B524-89E4AC6495F5
752,national_mall@nps.gov,1,1E521374-B73C-41CD-B524-89E4AC6495F5
753,+16846337082,2,6E71B72E-4F2F-495D-9225-A6634E6C2EB1
754,+16846337083,3,6E71B72E-4F2F-495D-9225-A6634E6C2EB1
755,npsa_info@nps.gov,1,6E71B72E-4F2F-495D-9225-A6634E6C2EB1
756,+19177311997,2,186BF51D-FA34-4DD7-A967-233CB32547B8
757,Suzanne_McCarthy@nps.gov,1,186BF51D-FA34-4DD7-A967-233CB32547B8
758,+14356921234,2,5A4DD23B-8B4F-4212-957E-C59FE4165457
759,nabrinfo@nps.gov,1,5A4DD23B-8B4F-4212-957E-C59FE4165457
760,+19286722700,2,C4F477D4-D34A-486B-BC6C-94FB2FAA8D67
761,+19286722703,3,C4F477D4-D34A-486B-BC6C-94FB2FAA8D67
762,justin_yazzie@nps.gov,1,C4F477D4-D34A-486B-BC6C-94FB2FAA8D67
763,+15089964095,2,848DFACA-B486-4BC4-AD71-C834F7713793
764,nebe_info@nps.gov,1,848DFACA-B486-4BC4-AD71-C834F7713793
765,+14133518182,2,CF83E09C-3E55-4B5A-9D8B-E833CF6FEB5A
766,net@nps.gov,1,CF83E09C-3E55-4B5A-9D8B-E833CF6FEB5A
767,+16098947300,2,D0F897A0-9545-4901-A1B8-7128E11A51FA
768,ner_external_affairs@nps.gov,1,D0F897A0-9545-4901-A1B8-7128E11A51FA
769,+15045893882,2,CB014DE3-3483-4E36-BC35-3CC7E9F60529
770,jazz_interpretation@nps.gov,1,CB014DE3-3483-4E36-BC35-3CC7E9F60529
771,+13144353138,2,62389727-B407-49A8-8EE9-FE6A6491B395
772,christopher_collins@nps.gov,1,62389727-B407-49A8-8EE9-FE6A6491B395
773,+13044650508,2,28F155F2-5116-4E4F-9E21-E8CBCFA5FF49
774,neri_interpretation@nps.gov,1,28F155F2-5116-4E4F-9E21-E8CBCFA5FF49
775,+12088437001,2,05F2A0A7-317D-4C4F-95D6-F046BE96310C
776,+12088437003,3,05F2A0A7-317D-4C4F-95D6-F046BE96310C
777,nepe_superintendent@nps.gov,1,05F2A0A7-317D-4C4F-95D6-F046BE96310C
778,+17858394233,2,C8E59368-4CCA-4513-B2C5-D055BC0DA491
779,+17858394323,3,C8E59368-4CCA-4513-B2C5-D055BC0DA491
780,nicodemusnhs@gmail.com,1,C8E59368-4CCA-4513-B2C5-D055BC0DA491
781,+18645434068,2,1291920D-2428-4FEA-9670-7EBC45284A59
782,NISI_Information@nps.gov,1,1291920D-2428-4FEA-9670-7EBC45284A59
783,+14023761901,2,406594CB-1532-45CD-82EA-0C03FD2F0422
784,+14023761949,3,406594CB-1532-45CD-82EA-0C03FD2F0422
785,niobrara_nsr@nps.gov,1,406594CB-1532-45CD-82EA-0C03FD2F0422
786,+19074423890,2,C9AA17CC-3152-464A-A9E2-494368086045
787,+19074428316,3,C9AA17CC-3152-464A-A9E2-494368086045
788,wear_webmail@nps.gov,1,C9AA17CC-3152-464A-A9E2-494368086045
789,+13608547200,2,80EB184D-4B6D-4AD2-B6E2-CAAD6312B27D
790,+13608561934,3,80EB184D-4B6D-4AD2-B6E2-CAAD6312B27D
791,noca_information@nps.gov,1,80EB184D-4B6D-4AD2-B6E2-CAAD6312B27D
792,+16163197906,2,4BE453C2-6527-484F-90D6-98057901EBDF
793,+16163197913,3,4BE453C2-6527-484F-90D6-98057901EBDF
794,NOCO_Administration@nps.gov,1,4BE453C2-6527-484F-90D6-98057901EBDF
795,+14233466294,2,EE2565D2-D745-4EF7-8814-21DF448427AD
796,obri_information@nps.gov,1,EE2565D2-D745-4EF7-8814-21DF448427AD
797,+14787528257,2,81AFEB37-7119-4BF1-B65B-806BAB973FFD
798,+14787528259,3,81AFEB37-7119-4BF1-B65B-806BAB973FFD
799,ocmu_administration@nps.gov,1,81AFEB37-7119-4BF1-B65B-806BAB973FFD
800,+14056098855,2,5837B4BA-86B4-4162-803C-E9DF325D5FC6
801,OKCI_superintendent@nps.gov,1,5837B4BA-86B4-4162-803C-E9DF325D5FC6
802,ntir_information@nps.gov,1,8B07C05F-9C4A-4799-8428-DFA2BBB733AC
803,+13605653130,2,81CFE898-AD06-4C0D-8A9B-C8D356273F0D
804,+13605653015,3,81CFE898-AD06-4C0D-8A9B-C8D356273F0D
805,+18008336388,4,81CFE898-AD06-4C0D-8A9B-C8D356273F0D
806,olym_visitor_center@nps.gov,1,81CFE898-AD06-4C0D-8A9B-C8D356273F0D
807,+15415922100,2,480702B9-E8B5-45A1-ACB4-7B044C13F7A2
808,+15415923981,3,480702B9-E8B5-45A1-ACB4-7B044C13F7A2
809,orca_information@nps.gov,1,480702B9-E8B5-45A1-ACB4-7B044C13F7A2
810,ntir_information@nps.gov,1,4E072F12-3E85-4219-B456-A8F04C688879
811,+15203876849,2,8A4FA0D4-A3BE-4AE2-8303-1936D9BA1E29
812,orpi_information@nps.gov,1,8A4FA0D4-A3BE-4AE2-8303-1936D9BA1E29
813,+18644612828,2,BAB8E761-8BB9-4DFF-9D38-5D4BA9AB2BD4
814,+18644617077,3,BAB8E761-8BB9-4DFF-9D38-5D4BA9AB2BD4
815,OVVI_Information@nps.gov,1,BAB8E761-8BB9-4DFF-9D38-5D4BA9AB2BD4
816,+17712081536,2,5536A389-5457-4E3F-84E2-D67861BB34D9
817,oxhi_visitorservices@nps.gov,1,5536A389-5457-4E3F-84E2-D67861BB34D9
818,+15733234236,2,CEC2A157-CDDC-4F11-BBE5-0AA2CEA35ADB
819,+15733238010,3,CEC2A157-CDDC-4F11-BBE5-0AA2CEA35ADB
820,ozar_interpretation@nps.gov,1,CEC2A157-CDDC-4F11-BBE5-0AA2CEA35ADB
821,+13619498068,2,7F7E12D2-E295-41D2-8446-BBF5EEF2F8F2
822,pais_visitor_center@nps.gov,1,7F7E12D2-E295-41D2-8446-BBF5EEF2F8F2
823,+19565412785,2,3E8C5A4D-6302-4E50-9FCC-A9EC7BFBF1D6
824,paal_visitor_center@nps.gov,1,3E8C5A4D-6302-4E50-9FCC-A9EC7BFBF1D6
825,+19735230370,2,9604169F-6A23-4E70-937B-3BE7315590F2
826,ilyse_goldman@nps.gov,1,9604169F-6A23-4E70-937B-3BE7315590F2
827,+14794518122,2,58BCDB2B-5A91-4892-8470-76D802313884
828,+14794510219,3,58BCDB2B-5A91-4892-8470-76D802313884
829,sirena_evans@nps.gov,1,58BCDB2B-5A91-4892-8470-76D802313884
830,+18084223399,2,0B61230F-375C-4392-BDF0-BB3FC43D2CFE
831,+18084237425,3,0B61230F-375C-4392-BDF0-BB3FC43D2CFE
832,nps_valr_visitor_services@nps.gov,1,0B61230F-375C-4392-BDF0-BB3FC43D2CFE
833,+15057577241,2,8CBA3879-59AB-4EFE-8523-1DC6F77FB212
834,+15057577207,3,8CBA3879-59AB-4EFE-8523-1DC6F77FB212
835,peco_visitor_information@nps.gov,1,8CBA3879-59AB-4EFE-8523-1DC6F77FB212
836,+12024266841,2,6282ABFA-00EF-413D-BE91-48D993A356F4
837,national_mall@nps.gov,1,6282ABFA-00EF-413D-BE91-48D993A356F4
838,+14192852184,2,29329926-4215-4E10-83B8-5CF162A0E3F1
839,pevi_social_media@nps.gov,1,29329926-4215-4E10-83B8-5CF162A0E3F1
840,+18047323531,2,16B99840-35CB-4D14-BB83-136C371EFD2E
841,+18047320835,3,16B99840-35CB-4D14-BB83-136C371EFD2E
842,Pete_Interpretation@nps.gov,1,16B99840-35CB-4D14-BB83-136C371EFD2E
843,+19285246228,2,1ABD0EFF-AC09-4EA1-8CC1-2351A3E160D0
844,+19285243567,3,1ABD0EFF-AC09-4EA1-8CC1-2351A3E160D0
845,PEFO_information@nps.gov,1,1ABD0EFF-AC09-4EA1-8CC1-2351A3E160D0
846,+15058990205,2,47CBA521-0A8A-4728-8BDA-85D269455A7A
847,+15058990207,3,47CBA521-0A8A-4728-8BDA-85D269455A7A
848,petr_interpretation@nps.gov,1,47CBA521-0A8A-4728-8BDA-85D269455A7A
849,+19063873700,2,8D803E2F-FB28-4DC3-9EDC-7FDAE185C092
850,piro_information@nps.gov,1,8D803E2F-FB28-4DC3-9EDC-7FDAE185C092
851,+18313894486,2,9B266961-3364-43D2-9A08-82BB5EF5643F
852,+18313894288,3,9B266961-3364-43D2-9A08-82BB5EF5643F
853,pinn_visitor_information@nps.gov,1,9B266961-3364-43D2-9A08-82BB5EF5643F
854,+19286437105,2,97145E4E-3909-4669-8102-9559F3C405D1
855,PISP_interpretation@nps.gov,1,97145E4E-3909-4669-8102-9559F3C405D1
856,+15078255464,2,932C699A-5680-4EA3-8C62-69A6A7D286C5
857,+15078255466,3,932C699A-5680-4EA3-8C62-69A6A7D286C5
858,pipe_interpretation@nps.gov,1,932C699A-5680-4EA3-8C62-69A6A7D286C5
859,+17712081555,2,0477F67A-A350-449F-B001-848F867F2CA2
860,pisc_visitorservices@nps.gov,1,0477F67A-A350-449F-B001-848F867F2CA2
861,+14154645100,2,B87424A7-92C3-49BA-BF16-A2EB16882376
862,pore_info@nps.gov,1,B87424A7-92C3-49BA-BF16-A2EB16882376
863,ntir_information@nps.gov,1,A0125F49-080E-4292-BD91-C1FA1657F547
864,+19252288860,2,F26E7620-3284-4F39-AB1B-98100B4AC6A7
865,poch_general_info@nps.gov,1,F26E7620-3284-4F39-AB1B-98100B4AC6A7
866,+13017394200,2,B7429C72-D8CA-46D9-8E89-E659259D8EEF
867,choh_superintendent@nps.gov,1,B7429C72-D8CA-46D9-8E89-E659259D8EEF
868,+13189265492,2,DC9185D6-CCA9-4F40-AE53-5D77DE35E202
869,+18889265492,4,DC9185D6-CCA9-4F40-AE53-5D77DE35E202
870,povertypoint@crt.la.gov,1,DC9185D6-CCA9-4F40-AE53-5D77DE35E202
871,+18707774455,2,E7C945ED-4224-4539-B2AE-97A5B229FA74
872,Wicl_Visitor_Center@nps.gov,1,E7C945ED-4224-4539-B2AE-97A5B229FA74
873,+14155614323,2,75DD7A23-4BCF-4D11-A407-E282C2417DA4
874,goga_pres_socialmedia@nps.gov,1,75DD7A23-4BCF-4D11-A407-E282C2417DA4
875,+17032217181,2,28ECD546-FD68-4640-8A31-773F7F7A5211
876,+17032214322,3,28ECD546-FD68-4640-8A31-773F7F7A5211
877,prwi_info@nps.gov,1,28ECD546-FD68-4640-8A31-773F7F7A5211
878,+17739287257,2,36223C80-D2F3-45E3-9C44-BEA58A072985
879,pull_visitorinfo@nps.gov,1,36223C80-D2F3-45E3-9C44-BEA58A072985
880,+18083282326,2,632CA28B-F67C-4BDB-A209-42A8332EE6D0
881,+18083289485,3,632CA28B-F67C-4BDB-A209-42A8332EE6D0
882,keola_awong@nps.gov,1,632CA28B-F67C-4BDB-A209-42A8332EE6D0
883,+18088827218,2,9C680E81-C4DC-46DD-BF33-8189828FF887
884,+18088824610,3,9C680E81-C4DC-46DD-BF33-8189828FF887
885,puhe_info@nps.gov,1,9C680E81-C4DC-46DD-BF33-8189828FF887
886,+19286086200,2,CF02A7E7-147F-4F1C-966B-FE3F2AE28DDC
887,glca_information@nps.gov,1,CF02A7E7-147F-4F1C-966B-FE3F2AE28DDC
888,+18439620039,2,31B7A1C7-104D-4D35-BC85-FEFAC3FECEB0
889,reer_information@nps.gov,1,31B7A1C7-104D-4D35-BC85-FEFAC3FECEB0
890,+17074646101,2,041B325C-A34F-4027-8E41-1DF3F9A1D799
891,+17074641812,3,041B325C-A34F-4027-8E41-1DF3F9A1D799
892,redw_info@nps.gov,1,041B325C-A34F-4027-8E41-1DF3F9A1D799
893,+18042261981,2,3D026091-7EFB-405D-A8F2-D9109DE9740A
894,stephanie_pooler@nps.gov,1,3D026091-7EFB-405D-A8F2-D9109DE9740A
895,+14324772251,2,E1A636E5-E7AC-4B71-93DE-F1408F65C458
896,bibe_info@nps.gov,1,E1A636E5-E7AC-4B71-93DE-F1408F65C458
897,+17342437136,2,0AEC82D5-0D49-492A-9936-DBE44AF69F09
898,shawna_mazur@nps.gov,1,0AEC82D5-0D49-492A-9936-DBE44AF69F09
899,+12028956000,2,D06293DF-25C4-4065-B0C7-BA5A225D3BF3
900,+12028956015,3,D06293DF-25C4-4065-B0C7-BA5A225D3BF3
901,rocr_superintendent@nps.gov,1,D06293DF-25C4-4065-B0C7-BA5A225D3BF3
902,+19705861206,2,67A56B17-F533-4A56-B2DA-26091C6AD295
903,+19705861319,4,67A56B17-F533-4A56-B2DA-26091C6AD295
904,romo_information@nps.gov,1,67A56B17-F533-4A56-B2DA-26091C6AD295
905,+14015217266,2,0419867F-20D9-49CF-BC42-88F5A70AD32D
906,rowi_info@nps.gov,1,0419867F-20D9-49CF-BC42-88F5A70AD32D
907,+15067522922,2,05106DE8-D6F2-4088-9834-79462FBDDA21
908,+15067526000,3,05106DE8-D6F2-4088-9834-79462FBDDA21
909,info@fdr.net,1,05106DE8-D6F2-4088-9834-79462FBDDA21
910,+15102325050,2,69F87C0F-AABE-4C34-97D3-F6DF33ACD772
911,+15102323169,3,69F87C0F-AABE-4C34-97D3-F6DF33ACD772
912,rori_gen_info@nps.gov,1,69F87C0F-AABE-4C34-97D3-F6DF33ACD772
913,+12564952672,2,FDD929A5-1D56-41DD-8A04-5FF77023340C
914,+12564959220,3,FDD929A5-1D56-41DD-8A04-5FF77023340C
915,RUCA_Information@nps.gov,1,FDD929A5-1D56-41DD-8A04-5FF77023340C
916,+15169224788,2,BA5A0D58-E05F-44AE-94F1-10A88A4AF143
917,+15169224792,3,BA5A0D58-E05F-44AE-94F1-10A88A4AF143
918,sahi_information@nps.gov,1,BA5A0D58-E05F-44AE-94F1-10A88A4AF143
919,+15207335153,2,A6F169CF-B830-499C-A5EB-A35138C77589
920,sagu_information@nps.gov,1,A6F169CF-B830-499C-A5EB-A35138C77589
921,+12074543871,2,57B2D95A-6D3E-49D6-BF73-623D6BD33D06
922,+12072888813,3,57B2D95A-6D3E-49D6-BF73-623D6BD33D06
923,+12072888800,4,57B2D95A-6D3E-49D6-BF73-623D6BD33D06
924,sacr_information@nps.gov,1,57B2D95A-6D3E-49D6-BF73-623D6BD33D06
925,+17154832274,2,5CB26B91-B888-46E0-95E1-0683A63C45B0
926,+17154833288,3,5CB26B91-B888-46E0-95E1-0683A63C45B0
927,SACN_Info@nps.gov,1,5CB26B91-B888-46E0-95E1-0683A63C45B0
928,+19146674116,2,7E946FDE-C454-4361-98A5-F60158B42770
929,dho59stpaul@yahoo.com,1,7E946FDE-C454-4361-98A5-F60158B42770
930,+16036752175,2,0FC25325-87AA-4325-A6B7-C404D94B16DB
931,saga_interpretation@nps.gov,1,0FC25325-87AA-4325-A6B7-C404D94B16DB
932,+19787401650,2,3C5998C3-F130-4E4C-8BA4-C1B25E728CE0
933,+19787401654,3,3C5998C3-F130-4E4C-8BA4-C1B25E728CE0
934,SAMA_Information@nps.gov,1,3C5998C3-F130-4E4C-8BA4-C1B25E728CE0
935,+15058472585,2,4E7F8D4B-68EC-4A1B-BB71-0A295EB08557
936,sapu_interp@nps.gov,1,4E7F8D4B-68EC-4A1B-BB71-0A295EB08557
937,+13407731460,2,E84CCC52-A22F-42D6-86F1-198D818C25DD
938,+13407191791,3,E84CCC52-A22F-42D6-86F1-198D818C25DD
939,CHRI_Education@nps.gov,1,E84CCC52-A22F-42D6-86F1-198D818C25DD
940,+12109321001,2,CCE1AD17-9B13-4D74-9CAC-0278D5477316
941,+12105341106,3,CCE1AD17-9B13-4D74-9CAC-0278D5477316
942,saan_interpretation@nps.gov,1,CCE1AD17-9B13-4D74-9CAC-0278D5477316
943,+14155617000,2,C75450D2-9223-4D5F-9BA4-28DBB92CD507
944,ronald_robles@nps.gov,1,C75450D2-9223-4D5F-9BA4-28DBB92CD507
945,+13603782240,2,63A8DCC0-0A62-4164-BF0B-51F6369B9E8B
946,+13603782615,3,63A8DCC0-0A62-4164-BF0B-51F6369B9E8B
947,allison_herkey@nps.gov,1,63A8DCC0-0A62-4164-BF0B-51F6369B9E8B
948,+17877296777,2,2E4D4918-95DF-4D99-9DEC-C6ADEB330281
949,+17872897972,3,2E4D4918-95DF-4D99-9DEC-C6ADEB330281
950,saju_superintendent@nps.gov,1,2E4D4918-95DF-4D99-9DEC-C6ADEB330281
951,+17194385916,2,13E255FA-F68C-491C-828C-59E5B4FA2600
952,sand_information@nps.gov,1,13E255FA-F68C-491C-828C-59E5B4FA2600
953,ntir_information@nps.gov,1,2B14155F-0E31-43F3-8B87-8B1DA6FA0BF7
954,+18053702301,2,6E020F5D-3F97-4A43-88E6-C68254B55F2C
955,samo_interpretation@nps.gov,1,6E020F5D-3F97-4A43-88E6-C68254B55F2C
956,+15186702985,2,3D0F91B3-E847-4F75-9028-D26D269438F5
957,SARA_info@nps.gov,1,3D0F91B3-E847-4F75-9028-D26D269438F5
958,+17812330050,2,A83EFD38-9FCF-4996-A957-FE416A8C6B6D
959,SAMA_Information@nps.gov,1,A83EFD38-9FCF-4996-A957-FE416A8C6B6D
960,+13084369700,2,48ED0744-7B8A-4FFD-BEFC-C4AC22A7D649
961,+13084367611,3,48ED0744-7B8A-4FFD-BEFC-C4AC22A7D649
962,scbl_ranger_activities@nps.gov,1,48ED0744-7B8A-4FFD-BEFC-C4AC22A7D649
963,+13342930598,2,F5676388-94E5-45D2-8A51-344C825F5C12
964,tegan_sorensen@nps.gov,1,F5676388-94E5-45D2-8A51-344C825F5C12
965,+15595653341,2,7E5A693C-2F63-44FD-B791-31FC8B8B6285
966,+15595653730,3,7E5A693C-2F63-44FD-B791-31FC8B8B6285
967,SEKI_information@nps.gov,1,7E5A693C-2F63-44FD-B791-31FC8B8B6285
968,+15409993500,2,E991C8BC-C203-4A09-AFD5-87380CF5C387
969,shen_info@nps.gov,1,E991C8BC-C203-4A09-AFD5-87380CF5C387
970,+17316895696,2,B6E3A992-3217-4BC0-AC64-A699B45971CA
971,+17316895450,3,B6E3A992-3217-4BC0-AC64-A699B45971CA
972,shil_interpretation@nps.gov,1,B6E3A992-3217-4BC0-AC64-A699B45971CA
973,+19077470110,2,6258CAD9-1932-4A40-8FA1-891C51978345
974,+19077475938,3,6258CAD9-1932-4A40-8FA1-891C51978345
975,SITK_Information_Requests@nps.gov,1,6258CAD9-1932-4A40-8FA1-891C51978345
976,+12313264700,2,739AFEBE-BF00-4A3E-A369-85E74F6E6739
977,sleepingbearinfo@nps.gov,1,739AFEBE-BF00-4A3E-A369-85E74F6E6739
978,+13144353138,2,8E5D875F-418A-40FD-B8C4-DBE8026A5CC5
979,spra_superintendent@nps.gov,1,8E5D875F-418A-40FD-B8C4-DBE8026A5CC5
980,+14137348551,2,E01A7425-C74B-4E71-853D-681AD2FB948A
981,+14137478062,3,E01A7425-C74B-4E71-853D-681AD2FB948A
982,spar_interpretation@nps.gov,1,E01A7425-C74B-4E71-853D-681AD2FB948A
983,+14109624290,2,F22ED7C4-DDB8-43F8-AAF2-D474864352DA
984,+14109622500,3,F22ED7C4-DDB8-43F8-AAF2-D474864352DA
985,Star-Spangled-Trail_info@nps.gov,1,F22ED7C4-DDB8-43F8-AAF2-D474864352DA
986,+12123633200,2,6E3608BE-63AA-4379-A543-97D2FCBF12F1
987,stli_info@nps.gov,1,6E3608BE-63AA-4379-A543-97D2FCBF12F1
988,+15738807189,2,EDD278F5-E9A8-4A40-BA41-9809ED8E025D
989,STGE_Visitor_Info@nps.gov,1,EDD278F5-E9A8-4A40-BA41-9809ED8E025D
990,+15704451898,2,3BF9BCEE-F6AE-4DEC-8F80-9CD23C0767BE
991,stea_visitor_information@nps.gov,1,3BF9BCEE-F6AE-4DEC-8F80-9CD23C0767BE
992,+16158939501,2,89157226-8474-4BAE-B471-F1730993A468
993,+16158939508,3,89157226-8474-4BAE-B471-F1730993A468
994,stri_administration@nps.gov,1,89157226-8474-4BAE-B471-F1730993A468
995,Stonewall@nps.gov,1,E65E7D88-D280-4B41-B700-BF1DC219BA38
996,+19285260502,2,52911672-4464-4569-984C-DC6DE1EE208F
997,flag_information@nps.gov,1,52911672-4464-4569-984C-DC6DE1EE208F
998,+16202738494,2,76F87FF4-4BAD-453E-8013-2DA8924A5D94
999,+16202738660,3,76F87FF4-4BAD-453E-8013-2DA8924A5D94
1000,tapr_interpretation@nps.gov,1,76F87FF4-4BAD-453E-8013-2DA8924A5D94
1001,+12159652305,2,2CA10B86-DCA3-456F-8C9A-A3A6C9288573
1002,indevisitorinfo@nps.gov,1,2CA10B86-DCA3-456F-8C9A-A3A6C9288573
1003,+12022081631,2,C59FE971-54EE-447C-9DCE-CB781949B0B8
1004,+12022081643,3,C59FE971-54EE-447C-9DCE-CB781949B0B8
1005,presidents_park@nps.gov,1,C59FE971-54EE-447C-9DCE-CB781949B0B8
1006,+12122601616,2,B32A4A36-E7CC-4A93-97DB-3F48565D2DA4
1007,thrb_info@nps.gov,1,B32A4A36-E7CC-4A93-97DB-3F48565D2DA4
1008,+17168840095,2,B4AEC074-8652-4B0A-8963-4CD60ECA2349
1009,+17168840330,3,B4AEC074-8652-4B0A-8963-4CD60ECA2349
1010,info@trsite.org,1,B4AEC074-8652-4B0A-8963-4CD60ECA2349
1011,+17032892500,2,42D7081F-2B9B-449C-9BF2-785850AE4865
1012,gwmp_superintendent@nps.gov,1,42D7081F-2B9B-449C-9BF2-785850AE4865
1013,+17016234466,2,B5FE5682-7981-47DD-AC96-13F4B33A466E
1014,+17016234840,3,B5FE5682-7981-47DD-AC96-13F4B33A466E
1015,thro_interpretation@nps.gov,1,B5FE5682-7981-47DD-AC96-13F4B33A466E
1016,+15189437465,2,FE5E320D-BFCC-41EE-8113-BFEA9D6CA8CD
1017,+15189430652,3,FE5E320D-BFCC-41EE-8113-BFEA9D6CA8CD
1018,director@thomascole.org,1,FE5E320D-BFCC-41EE-8113-BFEA9D6CA8CD
1019,+19737360550,2,BFE248C8-40CD-4DC8-AC07-AE61A0D81FF3
1020,+19737366567,3,BFE248C8-40CD-4DC8-AC07-AE61A0D81FF3
1021,edis.interpretation@gmail.com,1,BFE248C8-40CD-4DC8-AC07-AE61A0D81FF3
1022,+12024266841,2,2D0C31DF-BE78-42A8-812E-1A44602B3D40
1023,national_mall@nps.gov,1,2D0C31DF-BE78-42A8-812E-1A44602B3D40
1024,+18042241732,2,DD9075B8-4AC2-4FA4-83F4-A08DFD705C25
1025,+18042242142,3,DD9075B8-4AC2-4FA4-83F4-A08DFD705C25
1026,gewa_thst_information@nps.gov,1,DD9075B8-4AC2-4FA4-83F4-A08DFD705C25
1027,+18017565239,2,26FBF456-94A2-413C-87D9-DDBCD96815FA
1028,tica_info@nps.gov,1,26FBF456-94A2-413C-87D9-DDBCD96815FA
1029,+19046417155,2,A1C5A868-68A9-4403-B762-531EBA300E3C
1030,timu_information@nps.gov,1,A1C5A868-68A9-4403-B762-531EBA300E3C
1031,+19284672241,2,69C5BC24-3065-401D-86C2-3FAC411E1327
1032,+19284672225,3,69C5BC24-3065-401D-86C2-3FAC411E1327
1033,tont_information@nps.gov,1,69C5BC24-3065-401D-86C2-3FAC411E1327
1034,+14018474794,2,5216C131-B847-4A97-ACF1-4864714007FF
1035,info@tourosynagogue.org,1,5216C131-B847-4A97-ACF1-4864714007FF
1036,ntir_information@nps.gov,1,07A92FEB-682E-4895-8070-3323BC6F9EF7
1037,+15306644015,2,C315119F-1597-4C44-A8FA-60D707730FF0
1038,TULE_Information@nps.gov,1,C315119F-1597-4C44-A8FA-60D707730FF0
1039,+17022938853,2,A576B9F9-5C0A-453C-8DB0-939883FFA57A
1040,tusk_information@nps.gov,1,A576B9F9-5C0A-453C-8DB0-939883FFA57A
1041,+15203775060,2,59E30CB1-C2C3-4444-BCA9-29B0FE16DCCD
1042,+15203775079,3,59E30CB1-C2C3-4444-BCA9-29B0FE16DCCD
1043,NPS_TUMA_Information@nps.gov,1,59E30CB1-C2C3-4444-BCA9-29B0FE16DCCD
1044,+18003057417,2,0C7D40DF-85BC-439E-BE58-34E11C1D4095
1045,+16626804033,3,0C7D40DF-85BC-439E-BE58-34E11C1D4095
1046,natr_interpretation@nps.gov,1,0C7D40DF-85BC-439E-BE58-34E11C1D4095
1047,+13344210340,2,5AAB8CB5-2F62-4BD7-82D1-E19963FA94C1
1048,tuai_information@nps.gov,1,5AAB8CB5-2F62-4BD7-82D1-E19963FA94C1
1049,+13347273200,2,3A9B0972-7F97-4F8C-9B44-A5FA8DEB1AC1
1050,+13347271448,3,3A9B0972-7F97-4F8C-9B44-A5FA8DEB1AC1
1051,tuin_administration@nps.gov,1,3A9B0972-7F97-4F8C-9B44-A5FA8DEB1AC1
1052,+19286345564,2,64B7871C-C058-45BA-BB7C-D3EAD50B23E8
1053,moca_tuzi_info@nps.gov,1,64B7871C-C058-45BA-BB7C-D3EAD50B23E8
1054,+13148421867,2,89303609-703C-43CB-BA65-5BB96C3698C2
1055,+13148421659,3,89303609-703C-43CB-BA65-5BB96C3698C2
1056,ulsg_interpretation@nps.gov,1,89303609-703C-43CB-BA65-5BB96C3698C2
1057,+15706854871,2,09812D3A-1E2B-4402-9ABC-31C79BCB9F6B
1058,+15706854874,3,09812D3A-1E2B-4402-9ABC-31C79BCB9F6B
1059,upde_interpretation@nps.gov,1,09812D3A-1E2B-4402-9ABC-31C79BCB9F6B
1060,+15056701612,2,8908E0CA-3603-4578-B957-837F9813E6D5
1061,vall_info@nps.gov,1,8908E0CA-3603-4578-B957-837F9813E6D5
1062,+16107831000,2,41813A9C-A947-4078-9DAA-4CE952F4E512
1063,vafo_superintendent@nps.gov,1,41813A9C-A947-4078-9DAA-4CE952F4E512
1064,+18452297770,2,C200ADA5-F162-4D77-A820-950E13925129
1065,margaret_laffin@nps.gov,1,C200ADA5-F162-4D77-A820-950E13925129
1066,+16016360583,2,45408368-12DB-4950-92A8-E26AC85E3724
1067,+16016369497,3,45408368-12DB-4950-92A8-E26AC85E3724
1068,Vick_Interpretation@nps.gov,1,45408368-12DB-4950-92A8-E26AC85E3724
1069,+12024266841,2,DFCBAD2C-0B0A-47E8-9C3C-BF55BB3409B2
1070,national_mall@nps.gov,1,DFCBAD2C-0B0A-47E8-9C3C-BF55BB3409B2
1071,+13407766201,2,B2178CA4-35DE-4827-9B7A-B25FAAE1E69B
1072,viis_interpretation@nps.gov,1,B2178CA4-35DE-4827-9B7A-B25FAAE1E69B
1073,+13407766201,2,C65070FE-942C-4E00-8C2B-64CA33C85B4A
1074,+13406939301,3,C65070FE-942C-4E00-8C2B-64CA33C85B4A
1075,viis_interpretation@nps.gov,1,C65070FE-942C-4E00-8C2B-64CA33C85B4A
1076,+12182836600,2,859727CB-2812-40DF-B8DB-D4AE9EA00089
1077,VOYA_info@nps.gov,1,859727CB-2812-40DF-B8DB-D4AE9EA00089
1078,+12547507946,2,46CA5FAF-2AEE-4795-B609-8CB81F9FBBEC
1079,WACO_info@nps.gov,1,46CA5FAF-2AEE-4795-B609-8CB81F9FBBEC
1080,+19285263367,2,8DFC9C19-FF0A-4B48-A34F-FD3D02BFE100
1081,flag_information@nps.gov,1,8DFC9C19-FF0A-4B48-A34F-FD3D02BFE100
1082,+16713334050,2,D44FE5CB-71B4-4B7C-A52A-41BE9D9211B3
1083,wapa_interpretation@nps.gov,1,D44FE5CB-71B4-4B7C-A52A-41BE9D9211B3
1084,+12024266841,2,37E34290-2E37-4A67-8C95-7A3442F354B1
1085,national_mall@nps.gov,1,37E34290-2E37-4A67-8C95-7A3442F354B1
1086,+16107831006,2,3D547E73-F0BF-4FEA-9CAC-9611D024E2FF
1087,Johnny_Carawan@NPS.gov,1,3D547E73-F0BF-4FEA-9CAC-9611D024E2FF
1088,+15804972742,2,BE27CCA2-1ECA-4A6A-90E7-8EB38029FEF3
1089,+15804972712,3,BE27CCA2-1ECA-4A6A-90E7-8EB38029FEF3
1090,waba_interpretation@nps.gov,1,BE27CCA2-1ECA-4A6A-90E7-8EB38029FEF3
1091,+12038341896,2,EA86FED8-2E03-467A-A8BD-4F032A647F35
1092,wefa_interpretation@nps.gov,1,EA86FED8-2E03-467A-A8BD-4F032A647F35
1093,+15302423400,2,89730CB2-BB7D-400B-AF35-5F95A574D97D
1094,+15302445154,3,89730CB2-BB7D-400B-AF35-5F95A574D97D
1095,whis_information@nps.gov,1,89730CB2-BB7D-400B-AF35-5F95A574D97D
1096,+15754796124,2,32D2B528-193E-43FA-BF38-32493D9E317D
1097,whsa_interpretation@nps.gov,1,32D2B528-193E-43FA-BF38-32493D9E317D
1098,+15095226360,2,10505DA0-A627-47EA-8533-5C67C3B2AF15
1099,+15095226355,3,10505DA0-A627-47EA-8533-5C67C3B2AF15
1100,whmi_interpretation@nps.gov,1,10505DA0-A627-47EA-8533-5C67C3B2AF15
1101,+15136843262,2,8CB65BC9-2A9D-4AA0-A5E2-B64E9CDA1575
1102,+15136843627,3,8CB65BC9-2A9D-4AA0-A5E2-B64E9CDA1575
1103,kerry_wood@nps.gov,1,8CB65BC9-2A9D-4AA0-A5E2-B64E9CDA1575
1104,+14177322662,2,2067FAB2-41D4-43DF-8142-9B1FC40AFDFC
1105,WICR_visitor_requests@nps.gov,1,2067FAB2-41D4-43DF-8142-9B1FC40AFDFC
1106,+16057454600,2,37C48EE0-2881-4D22-8F91-A249AE3B0CD0
1107,+16057454207,3,37C48EE0-2881-4D22-8F91-A249AE3B0CD0
1108,WICA_interpretation@nps.gov,1,37C48EE0-2881-4D22-8F91-A249AE3B0CD0
1109,+12066235124,2,CEC8BD62-9229-4455-ABE8-F4310F4AB623
1110,visit@wingluke.org,1,CEC8BD62-9229-4455-ABE8-F4310F4AB623
1111,+17032551800,2,72F41D84-A8ED-47FC-935A-2FD28C3C582E
1112,+17032551971,3,72F41D84-A8ED-47FC-935A-2FD28C3C582E
1113,wotr_interp@nps.gov,1,72F41D84-A8ED-47FC-935A-2FD28C3C582E
1114,+13155680024,2,09689FA5-2147-4BF2-935C-AE92AB85A2E5
1115,wori_information_desk@nps.gov,1,09689FA5-2147-4BF2-935C-AE92AB85A2E5
1116,+12024266841,2,3B4879C9-E8D3-4B0C-9F6D-8345FAA298A6
1117,National_Mall@nps.gov,1,3B4879C9-E8D3-4B0C-9F6D-8345FAA298A6
1118,+12024266841,2,F85AF8D0-1B85-4B2C-9356-840A4AF6A354
1119,national_mall@nps.gov,1,F85AF8D0-1B85-4B2C-9356-840A4AF6A354
1120,+19078225234,2,B7944940-3FE5-4F9B-80AB-2FD78A4CDD48
1121,+19078223281,3,B7944940-3FE5-4F9B-80AB-2FD78A4CDD48
1122,wrst_info@nps.gov,1,B7944940-3FE5-4F9B-80AB-2FD78A4CDD48
1123,+12524732111,2,E2AE772D-7A2B-49CC-9AFA-E8F068506B22
1124,caha_public_affairs@nps.gov,1,E2AE772D-7A2B-49CC-9AFA-E8F068506B22
1125,+19286792365,2,686C8EC8-5487-43B9-B5E8-FCABD56227F0
1126,flag_information@nps.gov,1,686C8EC8-5487-43B9-B5E8-FCABD56227F0
1127,+13073447381,2,F58C6D24-8D10-4573-9826-65D42B8B83AD
1128,+13073442014,3,F58C6D24-8D10-4573-9826-65D42B8B83AD
1129,+13073442386,4,F58C6D24-8D10-4573-9826-65D42B8B83AD
1130,YELL_Information@nps.gov,1,F58C6D24-8D10-4573-9826-65D42B8B83AD
1131,+17578982410,2,D09FF0F8-B16E-4D2B-9C37-03202D6B8176
1132,+17578986346,3,D09FF0F8-B16E-4D2B-9C37-03202D6B8176
1133,colo_info@nps.gov,1,D09FF0F8-B16E-4D2B-9C37-03202D6B8176
1134,+12093720200,2,4324B2B4-D1A3-497F-8E6B-27171FAE4DB2
1135,yose_web_manager@nps.gov,1,4324B2B4-D1A3-497F-8E6B-27171FAE4DB2
1136,+19705294465,2,9854D136-AFC0-4966-BB40-FE9323B56A49
1137,meve_general_information@nps.gov,1,9854D136-AFC0-4966-BB40-FE9323B56A49
1138,+19074593730,2,6F550E4D-AE26-4250-A674-397E2DF88092
1139,fair_information@nps.gov,1,6F550E4D-AE26-4250-A674-397E2DF88092
1140,+14357723256,2,41BAB8ED-C95F-447D-9DA1-FCC4E4D808B2
1141,+14357723426,3,41BAB8ED-C95F-447D-9DA1-FCC4E4D808B2
1142,zion_park_information@nps.gov,1,41BAB8ED-C95F-447D-9DA1-FCC4E4D808B2
