/*
 * Since: March, 2020
 * Author: gvenzl
 * Name: 1_insert_data.sql
 * Description: Data insertion script
 *
 * Copyright 2020 Gerald Venzl
 *
 * Provided with the generous help of my gorgeous wife Federica Venzl during the
 * Coronavirus (COVID-19) pandemic.
 *
 * Data Sources:
 * - GeoNames (https://www.geonames.org/)
 * - National Geographic Atlas of the World, 11th Edition, October 2019
 *   (ISBN-13: 978-1426220586)
 *
 * This work is licensed under the
 * Creative Commons Attribution 4.0 International Public License, CC BY 4.0
 *
 * The Data is provided "as is" without warranty or any representation of
 * accuracy, timeliness or completeness.
 *
 *    https://creativecommons.org/licenses/by/4.0/
 */

/*********************************************/
/***************** REGIONS *******************/
/*********************************************/

INSERT INTO regions (region_id, name) VALUES ('AF', 'Africa');
INSERT INTO regions (region_id, name) VALUES ('AN', 'Antarctica');
INSERT INTO regions (region_id, name) VALUES ('AS', 'Asia');
INSERT INTO regions (region_id, name) VALUES ('EU', 'Europe');
INSERT INTO regions (region_id, name) VALUES ('NA', 'North America');
INSERT INTO regions (region_id, name) VALUES ('OC', 'Oceania');
INSERT INTO regions (region_id, name) VALUES ('SA', 'South America');
COMMIT;

/*********************************************/
/**************** COUNTRIES ******************/
/*********************************************/

INSERT INTO countries (country_id, country_code, name, official_name, latitude, longitude, population, area_sq_km, timezone, region_id) VALUES ('AND', 'AD', 'Andorra', 'Principality of Andorra', 42.55, 1.58333, 86000, 468, 'Europe/Andorra', 'EU');
INSERT INTO countries (country_id, country_code, name, official_name, latitude, longitude, population, area_sq_km, timezone, region_id) VALUES ('ARE','AE','United Arab Emirates','United Arab Emirates',23.75,54.5,4975593,'Asia/Dubai','AS');
INSERT INTO countries (country_id, country_code, name, official_name, latitude, longitude, population, area_sq_km, timezone, region_id) VALUES ('AFG', 'AF', 'Afghanistan', 'Islamic Republic of Afghanistan', 33, 66, 34941000, 652230, 'Asia/Kabul', 'AS');
INSERT INTO countries (country_id, country_code, name, official_name, latitude, longitude, population, area_sq_km, timezone, region_id) VALUES ('ATG', 'AG', 'Antigua and Barbuda', null, 17.05, -61.8, 96000, 443, 'America/Antigua', 'NA');
INSERT INTO countries (country_id, country_code, name, official_name, latitude, longitude, population, area_sq_km, timezone, region_id) VALUES ('ALB', 'AL', 'Albania', 'Republic of Albania', 41, 20, 3057000, 28748, 'Europe/Tirane', 'EU');
INSERT INTO countries (country_id, country_code, name, official_name, latitude, longitude, population, area_sq_km, timezone, region_id) VALUES ('ARM', 'AM', 'Armenia', 'Republic of Armenia', 40.25, 45, 3038000, 29743, 'Asia/Yerevan', 'AS');
INSERT INTO countries (country_id, country_code, name, official_name, latitude, longitude, population, area_sq_km, timezone, region_id) VALUES ('AGO', 'AO', 'Angola', 'Republic of Angola', -12.5, 18.5, 30356000, 1246700, 'Africa/Luanda', 'AF');
INSERT INTO countries (country_id, country_code, name, official_name, latitude, longitude, population, area_sq_km, timezone, region_id) VALUES ('ARG', 'AR', 'Argentina', 'Argentine Republic', -34, -64, 44694000, 2780400, null, 'SA');
INSERT INTO countries (country_id, country_code, name, official_name, latitude, longitude, population, area_sq_km, timezone, region_id) VALUES ('AUT', 'AT', 'Austria', 'Republic of Austria', 47.33333, 13.33333, 8793000, 83871, 'Europe/Vienna', 'EU');
INSERT INTO countries (country_id, country_code, name, official_name, latitude, longitude, population, area_sq_km, timezone, region_id) VALUES ('AUS', 'AU', 'Australia', 'Commonwealth of Australia', -25, 135, 23470000, 7741220, null, 'OC');
INSERT INTO countries (country_id, country_code, name, official_name, latitude, longitude, population, area_sq_km, timezone, region_id) VALUES ('AZE', 'AZ', 'Azerbaijan', 'Republic of Azerbaijan', 40.5, 47.5, 10047000, 86600, 'Asia/Baku', 'AS');
INSERT INTO countries (country_id, country_code, name, official_name, latitude, longitude, population, area_sq_km, timezone, region_id) VALUES ('BIH', 'BA', 'Bosnia and Herzegovina', null, 44.25, 17.83333, 3850000, 51197, 'Europe/Sarajevo', 'EU');
INSERT INTO countries (country_id, country_code, name, official_name, latitude, longitude, population, area_sq_km, timezone, region_id) VALUES ('BRB', 'BB', 'Barbados', null, 13.16453, -59.55165, 293000, 430, 'America/Barbados', 'NA');
INSERT INTO countries (country_id, country_code, name, official_name, latitude, longitude, population, area_sq_km, timezone, region_id) VALUES ('BGD', 'BD', 'Bangladesh', null, 24, 90, 159453000, 148460, 'Asia/Dhaka', 'AS');
INSERT INTO countries (country_id, country_code, name, official_name, latitude, longitude, population, area_sq_km, timezone, region_id) VALUES ('BEL', 'BE', 'Belgium', 'Kingdom of Belgium', 50.75, 4.5, 11571000, 30528, 'Europe/Brussels', 'EU');
INSERT INTO countries (country_id, country_code, name, official_name, latitude, longitude, population, area_sq_km, timezone, region_id) VALUES ('BFA', 'BF', 'Burkina Faso', null, 12.5, -1.66667, 19743000, 274200, 'Africa/Ouagadougou', 'AF');
INSERT INTO countries (country_id, country_code, name, official_name, latitude, longitude, population, area_sq_km, timezone, region_id) VALUES ('BGR', 'BG', 'Bulgaria', 'Republic of Bulgaria', 42.66667, 25.25, 7058000, 110879, 'Europe/Sofia', 'EU');
INSERT INTO countries (country_id, country_code, name, official_name, latitude, longitude, population, area_sq_km, timezone, region_id) VALUES ('BHR', 'BH', 'Bahrain', 'Kingdom of Bahrain', 26.03333, 50.55, 1443000, 760, 'Asia/Bahrain', 'AS');
INSERT INTO countries (country_id, country_code, name, official_name, latitude, longitude, population, area_sq_km, timezone, region_id) VALUES ('BDI', 'BI', 'Burundi', 'Republic of Burundi', -3.5, 30, 11845000, 27830, 'Africa/Bujumbura', 'AF');
INSERT INTO countries (country_id, country_code, name, official_name, latitude, longitude, population, area_sq_km, timezone, region_id) VALUES ('BEN', 'BJ', 'Benin', 'Republic of Benin', 9.5, 2.25, 11341000, 112622, 'Africa/Porto-Novo', 'AF');
INSERT INTO countries (country_id, country_code, name, official_name, latitude, longitude, population, area_sq_km, timezone, region_id) VALUES ('BRN', 'BN', 'Brunei Darussalam', null, 4.5, 114.66667, 451000, 5765, 'Asia/Brunei', 'AS');
INSERT INTO countries (country_id, country_code, name, official_name, latitude, longitude, population, area_sq_km, timezone, region_id) VALUES ('BOL', 'BO', 'Bolivia', 'Plurinational State of Bolivia', -17, -65, 11306000, 1098581, 'America/La_Paz', 'SA');
INSERT INTO countries (country_id, country_code, name, official_name, latitude, longitude, population, area_sq_km, timezone, region_id) VALUES ('BRA', 'BR', 'Brazil', 'Federative Republic of Brazil', -10, -55, 208847000, 8515770, null, 'SA');
INSERT INTO countries (country_id, country_code, name, official_name, latitude, longitude, population, area_sq_km, timezone, region_id) VALUES ('BHS', 'BS', 'Bahamas', 'Commonwealth of The Bahamas', 25.04082, -77.37122, 333000, 13880, 'America/Nassau', 'NA');
INSERT INTO countries (country_id, country_code, name, official_name, latitude, longitude, population, area_sq_km, timezone, region_id) VALUES ('BTN', 'BT', 'Bhutan', 'Kingdom of Bhutan', 27.5, 90.5, 766000, 38394, 'Asia/Thimphu', 'AS');
INSERT INTO countries (country_id, country_code, name, official_name, latitude, longitude, population, area_sq_km, timezone, region_id) VALUES ('BWA', 'BW', 'Botswana', 'Republic of Botswana', -22, 24, 2249000, 581730, 'Africa/Gaborone', 'AF');
INSERT INTO countries (country_id, country_code, name, official_name, latitude, longitude, population, area_sq_km, timezone, region_id) VALUES ('BLR', 'BY', 'Belarus', 'Republic of Belarus', 53, 28, 9528000, 270600, 'Europe/Minsk', 'EU');
INSERT INTO countries (country_id, country_code, name, official_name, latitude, longitude, population, area_sq_km, timezone, region_id) VALUES ('BLZ', 'BZ', 'Belize', null, 17.25, -88.75, 386000, 22966, 'America/Belize', 'NA');
INSERT INTO countries (country_id, country_code, name, official_name, latitude, longitude, population, area_sq_km, timezone, region_id) VALUES ('CAN', 'CA', 'Canada', null, 60.10867, -113.64258, 35882000, 9984670, null, 'NA');
INSERT INTO countries (country_id, country_code, name, official_name, latitude, longitude, population, area_sq_km, timezone, region_id) VALUES ('COD', 'CD', 'Democratic Republic of the Congo', null, -2.5, 23.5, 85281000, 2344858, null, 'AF');
INSERT INTO countries (country_id, country_code, name, official_name, latitude, longitude, population, area_sq_km, timezone, region_id) VALUES ('CAF', 'CF', 'Central African Republic', null, 7, 21, 5745000, 622984, 'Africa/Bangui', 'AF');
INSERT INTO countries (country_id, country_code, name, official_name, latitude, longitude, population, area_sq_km, timezone, region_id) VALUES ('COG', 'CG', 'Congo', 'Republic of the Congo', -1, 15.5, 5062000, 342000, 'Africa/Brazzaville', 'AF');
INSERT INTO countries (country_id, country_code, name, official_name, latitude, longitude, population, area_sq_km, timezone, region_id) VALUES ('CHE', 'CH', 'Switzerland', 'Swiss Confederation', 47.00016, 8.01427, 8293000, 41277, 'Europe/Zurich', 'EU');
INSERT INTO countries (country_id, country_code, name, official_name, latitude, longitude, population, area_sq_km, timezone, region_id) VALUES ('CIV', 'CI', 'Cote d''Ivoire', 'Republic of Côte d’Ivoire', 8, -5.5, 26261000, 322463, 'Africa/Abidjan', 'AF');
INSERT INTO countries (country_id, country_code, name, official_name, latitude, longitude, population, area_sq_km, timezone, region_id) VALUES ('CHL', 'CL', 'Chile', 'Republic of Chile', -30, -71, 17925000, 756102, null, 'SA');
INSERT INTO countries (country_id, country_code, name, official_name, latitude, longitude, population, area_sq_km, timezone, region_id) VALUES ('CMR', 'CM', 'Cameroon', 'Republic of Cameroon', 6, 12.5, 25641000, 475440, 'Africa/Douala', 'AF');
INSERT INTO countries (country_id, country_code, name, official_name, latitude, longitude, population, area_sq_km, timezone, region_id) VALUES ('CHN', 'CN', 'China', 'People’s Republic of China', 35, 105, 1384689000, 9596960, null, 'AS');
INSERT INTO countries (country_id, country_code, name, official_name, latitude, longitude, population, area_sq_km, timezone, region_id) VALUES ('COL', 'CO', 'Colombia', 'Republic of Colombia', 4, -73.25, 48169000, 1138910, 'America/Bogota', 'SA');
INSERT INTO countries (country_id, country_code, name, official_name, latitude, longitude, population, area_sq_km, timezone, region_id) VALUES ('CRI', 'CR', 'Costa Rica', 'Republic of Costa Rica', 10, -84, 4987000, 51100, 'America/Costa_Rica', 'NA');
INSERT INTO countries (country_id, country_code, name, official_name, latitude, longitude, population, area_sq_km, timezone, region_id) VALUES ('CUB', 'CU', 'Cuba','Republic of Cuba', 22, -79.5, 11116000, 110860, 'America/Havana', 'NA');
INSERT INTO countries (country_id, country_code, name, official_name, latitude, longitude, population, area_sq_km, timezone, region_id) VALUES ('CPV', 'CV', 'Cape Verde', 'Republic of Cabo Verde', 16, -24, 568000, 4033, 'Atlantic/Cape_Verde', 'AF');
INSERT INTO countries (country_id, country_code, name, official_name, latitude, longitude, population, area_sq_km, timezone, region_id) VALUES ('CYP', 'CY', 'Cyprus', 'Republic of Cyprus', 35, 33, 1237000, 9251, null, 'EU');
INSERT INTO countries (country_id, country_code, name, official_name, latitude, longitude, population, area_sq_km, timezone, region_id) VALUES ('CZE', 'CZ', 'Czech Republic', 'Czechia', 49.75, 15, 10686000, 78867, 'Europe/Prague', 'EU');
INSERT INTO countries (country_id, country_code, name, official_name, latitude, longitude, population, area_sq_km, timezone, region_id) VALUES ('DEU', 'DE', 'Germany', 'Federal Republic of Germany', 51.5, 10.5, 80458000, 357022, null, 'EU');
INSERT INTO countries (country_id, country_code, name, official_name, latitude, longitude, population, area_sq_km, timezone, region_id) VALUES ('DJI', 'DJ', 'Djibouti', 'Republic of Djibouti', 11.83333, 42.5, 884000, 23200, 'Africa/Djibouti', 'AF');
INSERT INTO countries (country_id, country_code, name, official_name, latitude, longitude, population, area_sq_km, timezone, region_id) VALUES ('DNK', 'DK', 'Denmark', 'Kingdom of Denmark', 56, 10, 5810000, 43094, 'Europe/Copenhagen', 'EU');
INSERT INTO countries (country_id, country_code, name, official_name, latitude, longitude, population, area_sq_km, timezone, region_id) VALUES ('DMA', 'DM', 'Dominica', null, 15.5, -61.33333, 74000, 751, 'America/Dominica', 'NA');
INSERT INTO countries (country_id, country_code, name, official_name, latitude, longitude, population, area_sq_km, timezone, region_id) VALUES ('DOM', 'DO', 'Dominican Republic', null, 19, -70.66667, 10299000, 48670, 'America/Santo_Domingo', 'NA');
INSERT INTO countries (country_id, country_code, name, official_name, latitude, longitude, population, area_sq_km, timezone, region_id) VALUES ('DZA', 'DZ', 'Algeria', 'People’s Democratic Republic of Algeria', 28, 3, 41657000, 2381741, 'Africa/Algiers', 'AF');
INSERT INTO countries (country_id, country_code, name, official_name, latitude, longitude, population, area_sq_km, timezone, region_id) VALUES ('ECU', 'EC', 'Ecuador', 'Republic of Ecuador', -1.25, -78.25, 16291000, 283561, null, 'SA');
INSERT INTO countries (country_id, country_code, name, official_name, latitude, longitude, population, area_sq_km, timezone, region_id) VALUES ('EST', 'EE', 'Estonia', 'Republic of Estonia', 59, 26, 1244000, 45228, 'Europe/Tallinn', 'EU');
INSERT INTO countries (country_id, country_code, name, official_name, latitude, longitude, population, area_sq_km, timezone, region_id) VALUES ('EGY', 'EG', 'Egypt', 'Arab Republic of Egypt', 27, 30, 99413000, 1001450, 'Africa/Cairo', 'AF');
INSERT INTO countries (country_id, country_code, name, official_name, latitude, longitude, population, area_sq_km, timezone, region_id) VALUES ('ERI', 'ER', 'Eritrea', 'State of Eritrea', 15, 39, 5971000, 117600, 'Africa/Asmara', 'AF');
INSERT INTO countries (country_id, country_code, name, official_name, latitude, longitude, population, area_sq_km, timezone, region_id) VALUES ('ESP', 'ES', 'Spain', 'Kingdom of Spain', 40, -4, 49331000, 505370, 'Europe/Madrid', 'EU');
INSERT INTO countries (country_id, country_code, name, official_name, latitude, longitude, population, area_sq_km, timezone, region_id) VALUES ('ETH', 'ET', 'Ethiopia', 'Federal Democratic Republic of Ethiopia', 9, 39.5, 108386000, 1104300, 'Africa/Addis_Ababa', 'AF');
INSERT INTO countries (country_id, country_code, name, official_name, latitude, longitude, population, area_sq_km, timezone, region_id) VALUES ('FIN', 'FI', 'Finland', 'Republic of Finland', 64, 26, 5537000, 338145, 'Europe/Helsinki', 'EU');
INSERT INTO countries (country_id, country_code, name, official_name, latitude, longitude, population, area_sq_km, timezone, region_id) VALUES ('FJI', 'FJ', 'Fiji', 'Republic of Fiji', -18, 178, 926000, 18274, 'Pacific/Fiji', 'OC');
INSERT INTO countries (country_id, country_code, name, official_name, latitude, longitude, population, area_sq_km, timezone, region_id) VALUES ('FSM', 'FM', 'Micronesia', 'Federated States of Micronesia', 6.91666, 158.18333, 104000, 702, null, 'OC');
INSERT INTO countries (country_id, country_code, name, official_name, latitude, longitude, population, area_sq_km, timezone, region_id) VALUES ('FRA', 'FR', 'France', 'Republic of France', 46, 2, 67364000, 643801, 'Europe/Paris', 'EU');
INSERT INTO countries (country_id, country_code, name, official_name, latitude, longitude, population, area_sq_km, timezone, region_id) VALUES ('GAB', 'GA', 'Gabon', 'Gabonese Republic', -1, 11.75, 2119000, 267667, 'Africa/Libreville', 'AF');
INSERT INTO countries (country_id, country_code, name, official_name, latitude, longitude, population, area_sq_km, timezone, region_id) VALUES ('GBR','GB','United Kingdom','United Kingdom of Great Britain and Northern Ireland',54.75844,-2.69531,62348447,'Europe/London','EU');
INSERT INTO countries (country_id, country_code, name, official_name, latitude, longitude, population, area_sq_km, timezone, region_id) VALUES ('GRD', 'GD', 'Grenada', null, 12.11667, -61.66667, 112000, 344, 'America/Grenada', 'NA');
INSERT INTO countries (country_id, country_code, name, official_name, latitude, longitude, population, area_sq_km, timezone, region_id) VALUES ('GEO', 'GE', 'Georgia', null, 41.99998, 43.4999, 4926000, 69700, 'Asia/Tbilisi', 'AS');
INSERT INTO countries (country_id, country_code, name, official_name, latitude, longitude, population, area_sq_km, timezone, region_id) VALUES ('GHA', 'GH', 'Ghana', 'Republic of Ghana', 8.1, -1.2, 28102000, 238533, 'Africa/Accra', 'AF');
INSERT INTO countries (country_id, country_code, name, official_name, latitude, longitude, population, area_sq_km, timezone, region_id) VALUES ('GMB', 'GM', 'Gambia', 'Republic of The Gambia', 13.5, -15.5, 2093000, 11300, 'Africa/Banjul', 'AF');
INSERT INTO countries (country_id, country_code, name, official_name, latitude, longitude, population, area_sq_km, timezone, region_id) VALUES ('GIN', 'GN', 'Guinea', 'Republic of Guinea', 10.83333, -10.66667, 11855000, 245857, 'Africa/Conakry', 'AF');
INSERT INTO countries (country_id, country_code, name, official_name, latitude, longitude, population, area_sq_km, timezone, region_id) VALUES ('GNQ', 'GQ', 'Equatorial Guinea', 'Republic of Equatorial Guinea', 1.7, 10.5, 797000, 28051, 'Africa/Malabo', 'AF');
INSERT INTO countries (country_id, country_code, name, official_name, latitude, longitude, population, area_sq_km, timezone, region_id) VALUES ('GRC', 'GR', 'Greece', 'Hellenic Republic', 39, 22, 10762000, 131957, 'Europe/Athens', 'EU');
INSERT INTO countries (country_id, country_code, name, official_name, latitude, longitude, population, area_sq_km, timezone, region_id) VALUES ('GTM', 'GT', 'Guatemala', 'Republic of Guatemala', 15.5, -90.25, 16581000, 108889, 'America/Guatemala', 'NA');
INSERT INTO countries (country_id, country_code, name, official_name, latitude, longitude, population, area_sq_km, timezone, region_id) VALUES ('GNB', 'GW', 'Guinea-Bissau', 'Republic of Guinea-Bissau', 12, -15, 1833000, 36125, 'Africa/Bissau', 'AF');
INSERT INTO countries (country_id, country_code, name, official_name, latitude, longitude, population, area_sq_km, timezone, region_id) VALUES ('GUY', 'GY', 'Guyana', 'Co-operative Republic of Guyana', 5, -59, 741000, 214969, 'America/Guyana', 'SA');
INSERT INTO countries (country_id, country_code, name, official_name, latitude, longitude, population, area_sq_km, timezone, region_id) VALUES ('HND', 'HN', 'Honduras', 'Republic of Honduras', 15, -86.5, 9183000, 112090, 'America/Tegucigalpa', 'NA');
INSERT INTO countries (country_id, country_code, name, official_name, latitude, longitude, population, area_sq_km, timezone, region_id) VALUES ('HRV', 'HR', 'Croatia', 'Republic of Croatia', 45.16667, 15.5, 4270000, 56594, 'Europe/Zagreb', 'EU');
INSERT INTO countries (country_id, country_code, name, official_name, latitude, longitude, population, area_sq_km, timezone, region_id) VALUES ('HTI', 'HT', 'Haiti', 'Republic of Haiti', 19.07582, -72.29616, 10788000, 27750, 'America/Port-au-Prince', 'NA');
INSERT INTO countries (country_id, country_code, name, official_name, latitude, longitude, population, area_sq_km, timezone, region_id) VALUES ('HUN', 'HU', 'Hungary', null, 47, 20, 9826000, 93028, 'Europe/Budapest', 'EU');
INSERT INTO countries (country_id, country_code, name, official_name, latitude, longitude, population, area_sq_km, timezone, region_id) VALUES ('IDN', 'ID', 'Indonesia', 'Republic of Indonesia', -5, 120, 262787000, 1904569, null, 'AS');
INSERT INTO countries (country_id, country_code, name, official_name, latitude, longitude, population, area_sq_km, timezone, region_id) VALUES ('IRL', 'IE', 'Ireland', 'Éire', 53, -8, 5068000, 70273, 'Europe/Dublin', 'EU');
INSERT INTO countries (country_id, country_code, name, official_name, latitude, longitude, population, area_sq_km, timezone, region_id) VALUES ('ISR', 'IL', 'Israel', 'State of Israel', 31.5, 34.75, 8425000, 20770, 'Asia/Jerusalem', 'AS');
INSERT INTO countries (country_id, country_code, name, official_name, latitude, longitude, population, area_sq_km, timezone, region_id) VALUES ('IND', 'IN', 'India', 'Republic of India', 22, 79, 1296834000, 3287263, 'Asia/Kolkata', 'AS');
INSERT INTO countries (country_id, country_code, name, official_name, latitude, longitude, population, area_sq_km, timezone, region_id) VALUES ('IRQ', 'IQ', 'Iraq', 'Republic of Iraq', 33, 44, 40194000, 438317, 'Asia/Baghdad', 'AS');
INSERT INTO countries (country_id, country_code, name, official_name, latitude, longitude, population, area_sq_km, timezone, region_id) VALUES ('IRN', 'IR', 'Iran', 'Islamic Republic of Iran', 32, 53, 83025000, 1648195, 'Asia/Tehran', 'AS');
INSERT INTO countries (country_id, country_code, name, official_name, latitude, longitude, population, area_sq_km, timezone, region_id) VALUES ('ISL', 'IS', 'Iceland', 'Republic of Iceland', 65, -18, 344000, 103000, 'Atlantic/Reykjavik', 'EU');
INSERT INTO countries (country_id, country_code, name, official_name, latitude, longitude, population, area_sq_km, timezone, region_id) VALUES ('ITA', 'IT', 'Italy', 'Italian Republic', 42.83333, 12.83333, 62247000, 301340, 'Europe/Rome', 'EU');
INSERT INTO countries (country_id, country_code, name, official_name, latitude, longitude, population, area_sq_km, timezone, region_id) VALUES ('JAM', 'JM', 'Jamaica', null, 18.16667, -77.25, 2812000, 10991, 'America/Jamaica', 'NA');
INSERT INTO countries (country_id, country_code, name, official_name, latitude, longitude, population, area_sq_km, timezone, region_id) VALUES ('JOR', 'JO', 'Jordan', 'Hashemite Kingdom of Jordan', 31, 36, 10458000, 89342, 'Asia/Amman', 'AS');
INSERT INTO countries (country_id, country_code, name, official_name, latitude, longitude, population, area_sq_km, timezone, region_id) VALUES ('JPN', 'JP', 'Japan', null, 35.68536, 139.75309, 126168000, 377915, 'Asia/Tokyo', 'AS');
INSERT INTO countries (country_id, country_code, name, official_name, latitude, longitude, population, area_sq_km, timezone, region_id) VALUES ('KEN', 'KE', 'Kenya', 'Republic of Kenya', 1, 38, 48398000, 580367, 'Africa/Nairobi', 'AF');
INSERT INTO countries (country_id, country_code, name, official_name, latitude, longitude, population, area_sq_km, timezone, region_id) VALUES ('KGZ', 'KG', 'Kyrgyzstan', 'Kyrgyz Republic', 41.5, 75, 5849000, 199951, 'Asia/Bishkek', 'AS');
INSERT INTO countries (country_id, country_code, name, official_name, latitude, longitude, population, area_sq_km, timezone, region_id) VALUES ('KHM', 'KH', 'Cambodia', 'Kingdom of Cambodia', 13, 105, 16450000, 181035, 'Asia/Phnom_Penh', 'AS');
INSERT INTO countries (country_id, country_code, name, official_name, latitude, longitude, population, area_sq_km, timezone, region_id) VALUES ('KIR', 'KI', 'Kiribati', 'Republic of Kiribati', 1.421, 172.984, 109000, 811, null, 'OC');
INSERT INTO countries (country_id, country_code, name, official_name, latitude, longitude, population, area_sq_km, timezone, region_id) VALUES ('COM', 'KM', 'Comoros', 'Union of the Comoros', -12.23333, 44.44553, 821000, 2235, 'Indian/Comoro', 'AF');
INSERT INTO countries (country_id, country_code, name, official_name, latitude, longitude, population, area_sq_km, timezone, region_id) VALUES ('KNA', 'KN', 'Saint Kitts and Nevis', 'Federation of Saint Kitts and Nevis', 17.33333, -62.75, 53000, 261, 'America/Basseterre', 'NA');
INSERT INTO countries (country_id, country_code, name, official_name, latitude, longitude, population, area_sq_km, timezone, region_id) VALUES ('PRK', 'KP', 'North Korea', 'Democratic People’s Republic of Korea', 40, 127, 25381000, 120538, 'Asia/Pyongyang', 'AS');
INSERT INTO countries (country_id, country_code, name, official_name, latitude, longitude, population, area_sq_km, timezone, region_id) VALUES ('KOR', 'KR', 'South Korea', 'Republic of Korea', 36.5, 127.75, 51418000, 99720, 'Asia/Seoul', 'AS');
INSERT INTO countries (country_id, country_code, name, official_name, latitude, longitude, population, area_sq_km, timezone, region_id) VALUES ('KWT', 'KW', 'Kuwait', 'State of Kuwait', 29.5, 47.75, 4622000, 17818, 'Asia/Kuwait', 'AS');
INSERT INTO countries (country_id, country_code, name, official_name, latitude, longitude, population, area_sq_km, timezone, region_id) VALUES ('KAZ', 'KZ', 'Kazakhstan', 'Republic of Kazakhstan', 48, 68, 18745000, 2724900, null, 'AS');
INSERT INTO countries (country_id, country_code, name, official_name, latitude, longitude, population, area_sq_km, timezone, region_id) VALUES ('LAO', 'LA', 'Laos', 'Lao People’s Democratic Republic', 18, 105, 7234000, 236800, 'Asia/Vientiane', 'AS');
INSERT INTO countries (country_id, country_code, name, official_name, latitude, longitude, population, area_sq_km, timezone, region_id) VALUES ('LBN', 'LB', 'Lebanon', null, 33.83333, 35.83333, 6100000, 10400, 'Asia/Beirut', 'AS');
INSERT INTO countries (country_id, country_code, name, official_name, latitude, longitude, population, area_sq_km, timezone, region_id) VALUES ('LCA', 'LC', 'Saint Lucia', null, 13.88333, -60.96667, 166000, 616, 'America/Castries', 'NA');
INSERT INTO countries (country_id, country_code, name, official_name, latitude, longitude, population, area_sq_km, timezone, region_id) VALUES ('LIE', 'LI', 'Liechtenstein', 'Principality of Liechtenstein', 47.16667, 9.53333, 39000, 160, 'Europe/Vaduz', 'EU');
INSERT INTO countries (country_id, country_code, name, official_name, latitude, longitude, population, area_sq_km, timezone, region_id) VALUES ('LKA', 'LK', 'Sri Lanka', 'Democratic Socialist Republic of Sri Lanka', 7.75, 80.75, 22577000, 65610, 'Asia/Colombo', 'AS');
INSERT INTO countries (country_id, country_code, name, official_name, latitude, longitude, population, area_sq_km, timezone, region_id) VALUES ('LBR', 'LR', 'Liberia', 'Republic of Liberia', 6.5, -9.5, 4810000, 111369, 'Africa/Monrovia', 'AF');
INSERT INTO countries (country_id, country_code, name, official_name, latitude, longitude, population, area_sq_km, timezone, region_id) VALUES ('LSO', 'LS', 'Lesotho', 'Kingdom of Lesotho', -29.5, 28.25, 1962000, 30355, 'Africa/Maseru', 'AF');
INSERT INTO countries (country_id, country_code, name, official_name, latitude, longitude, population, area_sq_km, timezone, region_id) VALUES ('LTU', 'LT', 'Lithuania', 'Republic of Lithuania', 55.41667, 24, 2793000, 65300, 'Europe/Vilnius', 'EU');
INSERT INTO countries (country_id, country_code, name, official_name, latitude, longitude, population, area_sq_km, timezone, region_id) VALUES ('LUX', 'LU', 'Luxembourg', 'Grand Duchy of Luxembourg', 49.75, 6.16667, 606000, 2586, 'Europe/Luxembourg', 'EU');
INSERT INTO countries (country_id, country_code, name, official_name, latitude, longitude, population, area_sq_km, timezone, region_id) VALUES ('LVA', 'LV', 'Latvia', 'Republic of Latvia', 57, 25, 1924000, 64589, 'Europe/Riga', 'EU');
INSERT INTO countries (country_id, country_code, name, official_name, latitude, longitude, population, area_sq_km, timezone, region_id) VALUES ('LBY', 'LY', 'Libya', 'State of Libya', 28, 17, 6755000, 1759540, 'Africa/Tripoli', 'AF');
INSERT INTO countries (country_id, country_code, name, official_name, latitude, longitude, population, area_sq_km, timezone, region_id) VALUES ('MAR', 'MA', 'Morocco', 'Kingdom of Morocco', 32, -6, 34314000, 446550, 'Africa/Casablanca', 'AF');
INSERT INTO countries (country_id, country_code, name, official_name, latitude, longitude, population, area_sq_km, timezone, region_id) VALUES ('MCO', 'MC', 'Monaco', 'Principality of Monaco', 43.73141, 7.41903, 38000, 2, 'Europe/Monaco', 'EU');
INSERT INTO countries (country_id, country_code, name, official_name, latitude, longitude, population, area_sq_km, timezone, region_id) VALUES ('MDA', 'MD', 'Moldova', 'Republic of Moldova', 47.25, 28.58333, 3438000, 33851, 'Europe/Chisinau', 'EU');
INSERT INTO countries (country_id, country_code, name, official_name, latitude, longitude, population, area_sq_km, timezone, region_id) VALUES ('MNE', 'ME', 'Montenegro', null, 42.75, 19.25, 614000, 13812, 'Europe/Podgorica', 'EU');
INSERT INTO countries (country_id, country_code, name, official_name, latitude, longitude, population, area_sq_km, timezone, region_id) VALUES ('MDG', 'MG', 'Madagascar', 'Republic of Madagascar', -20, 47, 25684000, 587041, 'Indian/Antananarivo', 'AF');
INSERT INTO countries (country_id, country_code, name, official_name, latitude, longitude, population, area_sq_km, timezone, region_id) VALUES ('MHL', 'MH', 'Marshall Islands', 'Republic of the Marshall Islands', 7.08971, 171.38027, 76000, 181, 'Pacific/Majuro', 'OC');
INSERT INTO countries (country_id, country_code, name, official_name, latitude, longitude, population, area_sq_km, timezone, region_id) VALUES ('MKD', 'MK', 'North Macedonia', 'Republic of North Macedonia', 41.66667, 21.75, 2119000, 25713, 'Europe/Skopje', 'EU');
INSERT INTO countries (country_id, country_code, name, official_name, latitude, longitude, population, area_sq_km, timezone, region_id) VALUES ('MLI', 'ML', 'Mali', 'Republic of Mali', 18, -2, 18430000, 1240192, 'Africa/Bamako', 'AF');
INSERT INTO countries (country_id, country_code, name, official_name, latitude, longitude, population, area_sq_km, timezone, region_id) VALUES ('MMR', 'MM', 'Myanmar', 'Republic of the Union of Myanmar', 21, 96, 55623000, 676578, 'Asia/Yangon', 'AS');
INSERT INTO countries (country_id, country_code, name, official_name, latitude, longitude, population, area_sq_km, timezone, region_id) VALUES ('MNG', 'MN', 'Mongolia', null, 46, 105, 3103000, 1564116, null, 'AS');
INSERT INTO countries (country_id, country_code, name, official_name, latitude, longitude, population, area_sq_km, timezone, region_id) VALUES ('MRT', 'MR', 'Mauritania', 'Islamic Republic of Mauritania', 20.25, -10.5, 3840000, 1030700, 'Africa/Nouakchott', 'AF');
INSERT INTO countries (country_id, country_code, name, official_name, latitude, longitude, population, area_sq_km, timezone, region_id) VALUES ('MLT', 'MT', 'Malta', 'Republic of Malta', 35.91667, 14.43333, 449000, 316, 'Europe/Malta', 'EU');
INSERT INTO countries (country_id, country_code, name, official_name, latitude, longitude, population, area_sq_km, timezone, region_id) VALUES ('MUS', 'MU', 'Mauritius', 'Republic of Mauritius', -20.3, 57.58333, 1364000, 2040, 'Indian/Mauritius', 'AF');
INSERT INTO countries (country_id, country_code, name, official_name, latitude, longitude, population, area_sq_km, timezone, region_id) VALUES ('MDV', 'MV', 'Maldives', 'Republic of Maldives', 3.2, 73, 392000, 298, 'Indian/Maldives', 'AS');
INSERT INTO countries (country_id, country_code, name, official_name, latitude, longitude, population, area_sq_km, timezone, region_id) VALUES ('MWI', 'MW', 'Malawi', 'Republic of Malawi', -13.5, 34, 19843000, 118484, 'Africa/Blantyre', 'AF');
INSERT INTO countries (country_id, country_code, name, official_name, latitude, longitude, population, area_sq_km, timezone, region_id) VALUES ('MEX', 'MX', 'Mexico', 'United Mexican States', 23, -102, 125959000, 1964375, null, 'NA');
INSERT INTO countries (country_id, country_code, name, official_name, latitude, longitude, population, area_sq_km, timezone, region_id) VALUES ('MYS', 'MY', 'Malaysia', null, 2.5, 112.5, 31810000, 329847, null, 'AS');
INSERT INTO countries (country_id, country_code, name, official_name, latitude, longitude, population, area_sq_km, timezone, region_id) VALUES ('MOZ', 'MZ', 'Mozambique', 'Republic of Mozambique', -18.25, 35, 27234000, 799380, 'Africa/Maputo', 'AF');
INSERT INTO countries (country_id, country_code, name, official_name, latitude, longitude, population, area_sq_km, timezone, region_id) VALUES ('NAM', 'NA', 'Namibia', 'Republic of Namibia', -22, 17, 2533000, 824292, 'Africa/Windhoek', 'AF');
INSERT INTO countries (country_id, country_code, name, official_name, latitude, longitude, population, area_sq_km, timezone, region_id) VALUES ('NER', 'NE', 'Niger', 'Republic of Niger', 18, 9, 19866000, 1267000, 'Africa/Niamey', 'AF');
INSERT INTO countries (country_id, country_code, name, official_name, latitude, longitude, population, area_sq_km, timezone, region_id) VALUES ('NGA', 'NG', 'Nigeria', 'Federal Republic of Nigeria', 10, 8, 203453000, 923768, 'Africa/Lagos', 'AF');
INSERT INTO countries (country_id, country_code, name, official_name, latitude, longitude, population, area_sq_km, timezone, region_id) VALUES ('NIC', 'NI', 'Nicaragua', 'Republic of Nicaragua', 13, -85, 6085000, 130370, 'America/Managua', 'NA');
INSERT INTO countries (country_id, country_code, name, official_name, latitude, longitude, population, area_sq_km, timezone, region_id) VALUES ('NLD', 'NL', 'Netherlands', 'Kingdom of Netherlands', 52.25, 5.75, 17151000, 41543, 'Europe/Amsterdam', 'EU');
INSERT INTO countries (country_id, country_code, name, official_name, latitude, longitude, population, area_sq_km, timezone, region_id) VALUES ('NOR', 'NO', 'Norway', 'Kingdom of Norway', 62, 10, 5372000, 323802, 'Europe/Oslo', 'EU');
INSERT INTO countries (country_id, country_code, name, official_name, latitude, longitude, population, area_sq_km, timezone, region_id) VALUES ('NPL', 'NP', 'Nepal', 'Federal Democratic Republic of Nepal', 28, 84, 29718000, 147181, 'Asia/Kathmandu', 'AS');
INSERT INTO countries (country_id, country_code, name, official_name, latitude, longitude, population, area_sq_km, timezone, region_id) VALUES ('NRU', 'NR', 'Nauru', 'Republic of Nauru', -0.517, 166.933, 10000, 21, 'Pacific/Nauru', 'OC');
INSERT INTO countries (country_id, country_code, name, official_name, latitude, longitude, population, area_sq_km, timezone, region_id) VALUES ('NZL', 'NZ', 'New Zealand', null, -42, 174, 4546000, 268838, null, 'OC');
INSERT INTO countries (country_id, country_code, name, official_name, latitude, longitude, population, area_sq_km, timezone, region_id) VALUES ('OMN', 'OM', 'Oman', 'Sultanate of Oman', 21, 57, 3494000, 309500, 'Asia/Muscat', 'AS');
INSERT INTO countries (country_id, country_code, name, official_name, latitude, longitude, population, area_sq_km, timezone, region_id) VALUES ('PAN', 'PA', 'Panama', 'Republic of Panama', 9, -80, 3801000, 75420, 'America/Panama', 'NA');
INSERT INTO countries (country_id, country_code, name, official_name, latitude, longitude, population, area_sq_km, timezone, region_id) VALUES ('PER', 'PE', 'Peru', 'Republic of Peru', -10, -75.25, 31331000, 1285216, 'America/Lima', 'SA');
INSERT INTO countries (country_id, country_code, name, official_name, latitude, longitude, population, area_sq_km, timezone, region_id) VALUES ('PNG', 'PG', 'Papua New Guinea', 'Independent State of Papua New Guinea', -6, 147, 7027000, 462840, null, 'OC');
INSERT INTO countries (country_id, country_code, name, official_name, latitude, longitude, population, area_sq_km, timezone, region_id) VALUES ('PHL', 'PH', 'Philippines', 'Republic of Philippines', 13, 122, 105893000, 300000, 'Asia/Manila', 'AS');
INSERT INTO countries (country_id, country_code, name, official_name, latitude, longitude, population, area_sq_km, timezone, region_id) VALUES ('PAK', 'PK', 'Pakistan', 'Islamic Republic of Pakistan', 30, 70, 207863000, 796095, 'Asia/Karachi', 'AS');
INSERT INTO countries (country_id, country_code, name, official_name, latitude, longitude, population, area_sq_km, timezone, region_id) VALUES ('POL', 'PL', 'Poland', 'Republic of Poland', 52, 20, 38421000, 312685, 'Europe/Warsaw', 'EU');
INSERT INTO countries (country_id, country_code, name, official_name, latitude, longitude, population, area_sq_km, timezone, region_id) VALUES ('PRT', 'PT', 'Portugal', 'Portuguese Republic', 39.6945, -8.13057, 10355000, 92090, 'Europe/Lisbon', 'EU');
INSERT INTO countries (country_id, country_code, name, official_name, latitude, longitude, population, area_sq_km, timezone, region_id) VALUES ('PRY', 'PY', 'Paraguay', 'Republic of Paraguay', -23.33333, -58, 7026000, 406752, 'America/Asuncion', 'SA');
INSERT INTO countries (country_id, country_code, name, official_name, latitude, longitude, population, area_sq_km, timezone, region_id) VALUES ('PLW', 'PW', 'Palau', 'Republic of Palau', 7.51507, 134.57524, 22000, 459, 'Pacific/Melekeok', 'OC');
INSERT INTO countries (country_id, country_code, name, official_name, latitude, longitude, population, area_sq_km, timezone, region_id) VALUES ('QAT', 'QA', 'Qatar', 'State of Qatar', 25.5, 51.25, 2364000, 11586, 'Asia/Doha', 'AS');
INSERT INTO countries (country_id, country_code, name, official_name, latitude, longitude, population, area_sq_km, timezone, region_id) VALUES ('ROU', 'RO', 'Romania', 'România', 46, 25, 21457000, 238391, 'Europe/Bucharest', 'EU');
INSERT INTO countries (country_id, country_code, name, official_name, latitude, longitude, population, area_sq_km, timezone, region_id) VALUES ('SRB', 'RS', 'Serbia', 'Republic of Serbia', 44.81892, 20.45998, 7078000, 77474, 'Europe/Belgrade', 'EU');
INSERT INTO countries (country_id, country_code, name, official_name, latitude, longitude, population, area_sq_km, timezone, region_id) VALUES ('RUS', 'RU', 'Russia', 'Russian Federation', 60, 100, 142123000, 17098242, null, 'EU');
INSERT INTO countries (country_id, country_code, name, official_name, latitude, longitude, population, area_sq_km, timezone, region_id) VALUES ('RWA', 'RW', 'Rwanda', 'Republic of Rwanda', -2, 30, 12187000, 26338, 'Africa/Kigali', 'AF');
INSERT INTO countries (country_id, country_code, name, official_name, latitude, longitude, population, area_sq_km, timezone, region_id) VALUES ('SAU', 'SA', 'Saudi Arabia', 'Kingdom of Saudi Arabia', 25, 45, 33091000, 2149690, 'Asia/Riyadh', 'AS');
INSERT INTO countries (country_id, country_code, name, official_name, latitude, longitude, population, area_sq_km, timezone, region_id) VALUES ('SLB', 'SB', 'Solomon Islands', null, -8, 159, 660000, 28896, 'Pacific/Guadalcanal', 'OC');
INSERT INTO countries (country_id, country_code, name, official_name, latitude, longitude, population, area_sq_km, timezone, region_id) VALUES ('SYC', 'SC', 'Seychelles', 'Republic of Seychelles', -4.58333, 55.66667, 95000, 455, 'Indian/Mahe', 'AF');
INSERT INTO countries (country_id, country_code, name, official_name, latitude, longitude, population, area_sq_km, timezone, region_id) VALUES ('SDN', 'SD', 'Sudan', 'Republic of the Sudan', 16, 30, 43121000, 1861484, 'Africa/Khartoum', 'AF');
INSERT INTO countries (country_id, country_code, name, official_name, latitude, longitude, population, area_sq_km, timezone, region_id) VALUES ('SWE', 'SE', 'Sweden', 'Kingdom of Sweden', 62, 15, 10041000, 450295, 'Europe/Stockholm', 'EU');
INSERT INTO countries (country_id, country_code, name, official_name, latitude, longitude, population, area_sq_km, timezone, region_id) VALUES ('SGP', 'SG', 'Singapore', 'Republic of Singapore', 1.36667, 103.8, 5996000, 697, 'Asia/Singapore', 'AS');
INSERT INTO countries (country_id, country_code, name, official_name, latitude, longitude, population, area_sq_km, timezone, region_id) VALUES ('SVN', 'SI', 'Slovenia', 'Republic of Slovenia', 46.08333, 15, 2102000, 20273, 'Europe/Ljubljana', 'EU');
INSERT INTO countries (country_id, country_code, name, official_name, latitude, longitude, population, area_sq_km, timezone, region_id) VALUES ('SVK', 'SK', 'Slovakia', 'Slovak Republic', 48.66667, 19.5, 5445000, 49035, 'Europe/Bratislava', 'EU');
INSERT INTO countries (country_id, country_code, name, official_name, latitude, longitude, population, area_sq_km, timezone, region_id) VALUES ('SLE', 'SL', 'Sierra Leone', 'Republic of Sierra Leone', 8.5, -11.5, 6312000, 71740, 'Africa/Freetown', 'AF');
INSERT INTO countries (country_id, country_code, name, official_name, latitude, longitude, population, area_sq_km, timezone, region_id) VALUES ('SMR', 'SM', 'San Marino', 'Republic of San Marino', 43.9367, 12.4463, 34000, 61, 'Europe/San_Marino', 'EU');
INSERT INTO countries (country_id, country_code, name, official_name, latitude, longitude, population, area_sq_km, timezone, region_id) VALUES ('SEN', 'SN', 'Senegal', 'Republic of Senegal', 14.5, -14.25, 15021000, 196722, 'Africa/Dakar', 'AF');
INSERT INTO countries (country_id, country_code, name, official_name, latitude, longitude, population, area_sq_km, timezone, region_id) VALUES ('SOM', 'SO', 'Somalia', 'Federal Republic of Somalia', 6, 48, 11259000, 637657, 'Africa/Mogadishu', 'AF');
INSERT INTO countries (country_id, country_code, name, official_name, latitude, longitude, population, area_sq_km, timezone, region_id) VALUES ('SUR', 'SR', 'Suriname', 'Republic of Suriname', 4, -56, 598000, 163820, 'America/Paramaribo', 'SA');
INSERT INTO countries (country_id, country_code, name, official_name, latitude, longitude, population, area_sq_km, timezone, region_id) VALUES ('SSD', 'SS', 'South Sudan', 'Republic of South Sudan', 7.5, 30, 10205000, 644329, 'Africa/Juba', 'AF');
INSERT INTO countries (country_id, country_code, name, official_name, latitude, longitude, population, area_sq_km, timezone, region_id) VALUES ('STP', 'ST', 'Sao Tome and Principe', 'Democratic Republic of Sao Tome and Principe', 1, 7, 204000, 964, 'Africa/Sao_Tome', 'AF');
INSERT INTO countries (country_id, country_code, name, official_name, latitude, longitude, population, area_sq_km, timezone, region_id) VALUES ('SLV', 'SV', 'El Salvador', 'Republic of El Salvador', 13.83333, -88.91667, 6187000, 21041, 'America/El_Salvador', 'NA');
INSERT INTO countries (country_id, country_code, name, official_name, latitude, longitude, population, area_sq_km, timezone, region_id) VALUES ('SYR', 'SY', 'Syria', 'Syrian Arab Republic', 35, 38, 19454000, 185180, 'Asia/Damascus', 'AS');
INSERT INTO countries (country_id, country_code, name, official_name, latitude, longitude, population, area_sq_km, timezone, region_id) VALUES ('SWZ', 'SZ', 'Swaziland', 'Eswatini', -26.5, 31.5, 1087000, 17364, 'Africa/Mbabane', 'AF');
INSERT INTO countries (country_id, country_code, name, official_name, latitude, longitude, population, area_sq_km, timezone, region_id) VALUES ('TCD', 'TD', 'Chad', 'Republic of Chad', 15, 19, 15833000, 1284000, 'Africa/Ndjamena', 'AF');
INSERT INTO countries (country_id, country_code, name, official_name, latitude, longitude, population, area_sq_km, timezone, region_id) VALUES ('TGO','TG','Togo','Togolese Republic',8.66667,1.08333,6587239,'Africa/Lome','AF');
INSERT INTO countries (country_id, country_code, name, official_name, latitude, longitude, population, area_sq_km, timezone, region_id) VALUES ('THA', 'TH', 'Thailand', 'Kingdom of Thailand', 15.5, 101, 68616000, 513120, 'Asia/Bangkok', 'AS');
INSERT INTO countries (country_id, country_code, name, official_name, latitude, longitude, population, area_sq_km, timezone, region_id) VALUES ('TJK', 'TJ', 'Tajikistan', 'Republic of Tajikistan', 39, 71, 8605000, 144100, 'Asia/Dushanbe', 'AS');
INSERT INTO countries (country_id, country_code, name, official_name, latitude, longitude, population, area_sq_km, timezone, region_id) VALUES ('TLS', 'TL', 'Timor-Leste', 'Democratic Republic of Timor-Leste', -8.83333, 125.75, 1322000, 14874, 'Asia/Dili', 'AS');
INSERT INTO countries (country_id, country_code, name, official_name, latitude, longitude, population, area_sq_km, timezone, region_id) VALUES ('TKM','TM','Turkmenistan','Turkmenistan',39.75,59.66667,4940916,'Asia/Ashgabat','AS');
INSERT INTO countries (country_id, country_code, name, official_name, latitude, longitude, population, area_sq_km, timezone, region_id) VALUES ('TUN','TN','Tunisia','Republic of Tunisia',34,9,10589025,'Africa/Tunis','AF');
INSERT INTO countries (country_id, country_code, name, official_name, latitude, longitude, population, area_sq_km, timezone, region_id) VALUES ('TON','TO','Tonga','Kingdom of Tonga',-20,-175,122580,'Pacific/Tongatapu','OC');
INSERT INTO countries (country_id, country_code, name, official_name, latitude, longitude, population, area_sq_km, timezone, region_id) VALUES ('TUR','TR','Turkey','Republic of Turkey',39,35,77804122,'Europe/Istanbul','AS');
INSERT INTO countries (country_id, country_code, name, official_name, latitude, longitude, population, area_sq_km, timezone, region_id) VALUES ('TTO','TT','Trinidad and Tobago','Republic of Trinidad and Tobago',11,-61,1328019,'America/Port_of_Spain','NA');
INSERT INTO countries (country_id, country_code, name, official_name, latitude, longitude, population, area_sq_km, timezone, region_id) VALUES ('TUV','TV','Tuvalu','Tuvalu',-8.51719,179.14478,10472,'Pacific/Funafuti','OC');
INSERT INTO countries (country_id, country_code, name, official_name, latitude, longitude, population, area_sq_km, timezone, region_id) VALUES ('TWN', 'TW', 'Taiwan', null, 24, 121, 23546000, 35980, 'Asia/Taipei', 'AS');
INSERT INTO countries (country_id, country_code, name, official_name, latitude, longitude, population, area_sq_km, timezone, region_id) VALUES ('TZA' ,'TZ', 'Tanzania', 'United Republic of Tanzania', -6, 35, 55451000, 947300, 'Africa/Dar_es_Salaam', 'AF');
INSERT INTO countries (country_id, country_code, name, official_name, latitude, longitude, population, area_sq_km, timezone, region_id) VALUES ('UKR','UA','Ukraine','Ukraine',49,32,45415596,null,'EU');
INSERT INTO countries (country_id, country_code, name, official_name, latitude, longitude, population, area_sq_km, timezone, region_id) VALUES ('UGA','UG','Uganda','Republic of Uganda',1.25,32.5,33398682,'Africa/Kampala','AF');
INSERT INTO countries (country_id, country_code, name, official_name, latitude, longitude, population, area_sq_km, timezone, region_id) VALUES ('USA','US','United States','United States',39.76,-98.5,310232863,null,'NA');
INSERT INTO countries (country_id, country_code, name, official_name, latitude, longitude, population, area_sq_km, timezone, region_id) VALUES ('URY','UY','Uruguay','Oriental Republic of Uruguay',-33,-56,3477000,'America/Montevideo','SA');
INSERT INTO countries (country_id, country_code, name, official_name, latitude, longitude, population, area_sq_km, timezone, region_id) VALUES ('UZB','UZ','Uzbekistan','Republic of Uzbekistan',41.66667,63.83333,27865738,null,'AS');
INSERT INTO countries (country_id, country_code, name, official_name, latitude, longitude, population, area_sq_km, timezone, region_id) VALUES ('VAT','VA','Holy See (Vatican City State)','State of the Vatican City',41.90225,12.4533,921,'Europe/Vatican','EU');
INSERT INTO countries (country_id, country_code, name, official_name, latitude, longitude, population, area_sq_km, timezone, region_id) VALUES ('VCT', 'VC', 'Saint Vincent and the Grenadines', null, 13.08333, -61.2, 102000, 389, 'America/St_Vincent', 'NA');
INSERT INTO countries (country_id, country_code, name, official_name, latitude, longitude, population, area_sq_km, timezone, region_id) VALUES ('VEN','VE','Venezuela','Bolivarian Republic of Venezuela',8,-66,27223228,'America/Caracas','SA');
INSERT INTO countries (country_id, country_code, name, official_name, latitude, longitude, population, area_sq_km, timezone, region_id) VALUES ('VNM','VN','Viet Nam','Socialist Republic of Vietnam',16.16667,107.83333,89571130,'Asia/Ho_Chi_Minh','AS');
INSERT INTO countries (country_id, country_code, name, official_name, latitude, longitude, population, area_sq_km, timezone, region_id) VALUES ('VUT','VU','Vanuatu','Republic of Vanuatu',-16,167,221552,'Pacific/Efate','OC');
INSERT INTO countries (country_id, country_code, name, official_name, latitude, longitude, population, area_sq_km, timezone, region_id) VALUES ('WSM', 'WS', 'Samoa', 'Independent State of Samoa', -13.8, -172.13333, 201000, 2831, 'Pacific/Apia', 'OC');
INSERT INTO countries (country_id, country_code, name, official_name, latitude, longitude, population, area_sq_km, timezone, region_id) VALUES ('XKX', 'XK', 'Kosovo', 'Republic of Kosovo', 42.58333, 20.91667, 1908000, 10887,'Europe/Belgrade', 'EU');
INSERT INTO countries (country_id, country_code, name, official_name, latitude, longitude, population, area_sq_km, timezone, region_id) VALUES ('YEM','YE','Yemen','Republic of Yemen',15.5,47.5,23495361,'Asia/Aden','AS');
INSERT INTO countries (country_id, country_code, name, official_name, latitude, longitude, population, area_sq_km, timezone, region_id) VALUES ('ZAF', 'ZA', 'South Africa', 'Republic of South Africa', -29, 24, 55380000, 1219090, 'Africa/Johannesburg', 'AF');
INSERT INTO countries (country_id, country_code, name, official_name, latitude, longitude, population, area_sq_km, timezone, region_id) VALUES ('ZMB','ZM','Zambia','Republic of Zambia',-14.33333,28.5,13460305,'Africa/Lusaka','AF');
INSERT INTO countries (country_id, country_code, name, official_name, latitude, longitude, population, area_sq_km, timezone, region_id) VALUES ('ZWE','ZW','Zimbabwe','Republic of Zimbabwe',-19,29.75,13061000,'Africa/Harare','AF');
COMMIT;

/*********************************************/
/****************** CITIES *******************/
/*********************************************/

INSERT INTO cities (city_id, name, population, is_capital, country_id) VALUES ('AFG0001', 'Kabul', 4012000, 'Y', 'AFG');
INSERT INTO cities (city_id, name, population, is_capital, country_id) VALUES ('ALB0001', 'Tirana', 476000, 'Y', 'ALB');
INSERT INTO cities (city_id, name, population, is_capital, country_id) VALUES ('DZA0001', 'Algiers', 2694000, 'Y', 'DZA');
INSERT INTO cities (city_id, name, population, is_capital, country_id) VALUES ('AND0001', 'Andorra la Vella', 23000, 'Y', 'AND');
INSERT INTO cities (city_id, name, population, is_capital, country_id) VALUES ('AGO0001', 'Luanda', 7774000, 'Y', 'AGO');
INSERT INTO cities (city_id, name, official_name, population, is_capital, country_id) VALUES ('ATG0001', 'Saint John''s', 'Saint John’s', 21000, 'Y', 'ATG');
INSERT INTO cities (city_id, name, population, is_capital, country_id) VALUES ('ARG0001', 'Buenos Aires', 14967000, 'Y', 'ARG');
INSERT INTO cities (city_id, name, population, is_capital, country_id) VALUES ('ARM0001', 'Yerevan', 1080000, 'Y', 'ARM');
INSERT INTO cities (city_id, name, population, is_capital, country_id) VALUES ('AUS0001', 'Canberra', 423000, 'Y', 'AUS');
INSERT INTO cities (city_id, name, population, is_capital, country_id) VALUES ('AUT0001', 'Vienna', 1901000, 'Y', 'AUT');
INSERT INTO cities (city_id, name, population, is_capital, country_id) VALUES ('AZE0001', 'Baku', 2286000, 'Y', 'AZE');
INSERT INTO cities (city_id, name, population, is_capital, country_id) VALUES ('BHS0001', 'Nassau', 280000, 'Y', 'BHS');
INSERT INTO cities (city_id, name, population, is_capital, country_id) VALUES ('BHR0001', 'Manama', 565000, 'Y', 'BHR');
INSERT INTO cities (city_id, name, population, is_capital, country_id) VALUES ('BGD0001', 'Dhaka', 19578000, 'Y', 'BGD');
INSERT INTO cities (city_id, name, population, is_capital, country_id) VALUES ('BRB0001', 'Bridgetown', 89000, 'Y', 'BRB');
INSERT INTO cities (city_id, name, population, is_capital, country_id) VALUES ('BLR0001', 'Minsk', 2005000, 'Y', 'BLR');
INSERT INTO cities (city_id, name, population, is_capital, country_id) VALUES ('BEL0001', 'Brussels', 2050000, 'Y', 'BEL');
INSERT INTO cities (city_id, name, population, is_capital, country_id) VALUES ('BLZ0001', 'Belmopan', 23000, 'Y', 'BLZ');
INSERT INTO cities (city_id, name, official_name, population, is_capital, country_id) VALUES ('BEN0001', 'Porto Novo', 'Porto-Novo', 285000, 'Y', 'BEN');
INSERT INTO cities (city_id, name, population, is_capital, country_id) VALUES ('BTN0001', 'Thimphu', 203000, 'Y', 'BTN');
INSERT INTO cities (city_id, name, population, is_capital, country_id) VALUES ('BOL0001', 'Sucre', 278000, 'Y', 'BOL');
INSERT INTO cities (city_id, name, population, is_capital, country_id) VALUES ('BIH0001', 'Sarajevo', 343000, 'Y', 'BIH');
INSERT INTO cities (city_id, name, population, is_capital, country_id) VALUES ('BWA0001', 'Gaborone', 269000, 'Y', 'BWA');
INSERT INTO cities (city_id, name, population, is_capital, country_id) VALUES ('BRA0001', 'Brasilia', 4470000, 'Y', 'BRA');
INSERT INTO cities (city_id, name, population, is_capital, country_id) VALUES ('BRN0001', 'Bandar Seri Begawan', 241000, 'Y', 'BRN');
INSERT INTO cities (city_id, name, population, is_capital, country_id) VALUES ('BGR0001', 'Sofia', 1272000, 'Y', 'BGR');
INSERT INTO cities (city_id, name, population, is_capital, country_id) VALUES ('BFA0001', 'Ouagadougou', 2531000, 'Y', 'BFA');
INSERT INTO cities (city_id, name, population, is_capital, country_id) VALUES ('BDI0001', 'Bujumbura', 899000, 'Y', 'BDI');
INSERT INTO cities (city_id, name, population, is_capital, country_id) VALUES ('CPV0001', 'Praia', 168000, 'Y', 'CPV');
INSERT INTO cities (city_id, name, population, is_capital, country_id) VALUES ('KHM0001', 'Phnom Penh', 1952000, 'Y', 'KHM');
INSERT INTO cities (city_id, name, official_name, population, is_capital, country_id) VALUES ('CMR0001', 'Yaounde', 'Yaoundé', 1952000, 'Y', 'CMR');
INSERT INTO cities (city_id, name, population, is_capital, country_id) VALUES ('CAN0001', 'Ottawa', 1363000, 'Y', 'CAN');
INSERT INTO cities (city_id, name, population, is_capital, country_id) VALUES ('CAF0001', 'Bangui', 851000, 'Y', 'CAF');
INSERT INTO cities (city_id, name, official_name, population, is_capital, country_id) VALUES ('TCD0001', 'N''Djamena', 'N’Djamena', 1323000, 'Y', 'TCD');
INSERT INTO cities (city_id, name, population, is_capital, country_id) VALUES ('CHL0001', 'Santiago', 6680000, 'Y', 'CHL');
INSERT INTO cities (city_id, name, population, is_capital, country_id) VALUES ('CHN0001', 'Beijing', 19618000, 'Y', 'CHN');
INSERT INTO cities (city_id, name, population, is_capital, country_id) VALUES ('TWN0001', 'Taipei', 2706000, 'Y', 'TWN');
INSERT INTO cities (city_id, name, population, is_capital, country_id) VALUES ('COL0001', 'Bogota', 10574000, 'Y', 'COL');
INSERT INTO cities (city_id, name, population, is_capital, country_id) VALUES ('COM0001', 'Moroni', 62000, 'Y', 'COM');
INSERT INTO cities (city_id, name, population, is_capital, country_id) VALUES ('COG0001', 'Brazzaville', 2230000, 'Y', 'COG');
INSERT INTO cities (city_id, name, population, is_capital, country_id) VALUES ('COD0001', 'Kinshasa', 13171000, 'Y', 'COD');
INSERT INTO cities (city_id, name, official_name, population, is_capital, country_id) VALUES ('CRI0001', 'San Jose', 'San José', 1358000, 'Y', 'CRI');
INSERT INTO cities (city_id, name, population, is_capital, country_id) VALUES ('CIV0001', 'Yamoussoukro', 231000, 'Y', 'CIV');
INSERT INTO cities (city_id, name, population, is_capital, country_id) VALUES ('HRV0001', 'Zagreb', 686000, 'Y', 'HRV');
INSERT INTO cities (city_id, name, population, is_capital, country_id) VALUES ('CUB0001', 'Havana', 2136000, 'Y', 'CUB');
INSERT INTO cities (city_id, name, population, is_capital, country_id) VALUES ('CYP0001', 'Nicosia', 269000, 'Y', 'CYP');
INSERT INTO cities (city_id, name, population, is_capital, country_id) VALUES ('CZE0001', 'Prague', 1292000, 'Y', 'CZE');
INSERT INTO cities (city_id, name, population, is_capital, country_id) VALUES ('DNK0001', 'Copenhagen', 1321000, 'Y', 'DNK');
INSERT INTO cities (city_id, name, population, is_capital, country_id) VALUES ('DJI0001', 'Djibouti', 562000, 'Y', 'DJI');
INSERT INTO cities (city_id, name, population, is_capital, country_id) VALUES ('DMA0001', 'Roseau', 15000, 'Y', 'DMA');
INSERT INTO cities (city_id, name, population, is_capital, country_id) VALUES ('DOM0001', 'Santo Domingo', 3172000, 'Y', 'DOM');
INSERT INTO cities (city_id, name, population, is_capital, country_id) VALUES ('ECU0001', 'Quito', 1822000, 'Y', 'ECU');
INSERT INTO cities (city_id, name, population, is_capital, country_id) VALUES ('EGY0001', 'Cario', 20076000, 'Y', 'EGY');
INSERT INTO cities (city_id, name, population, is_capital, country_id) VALUES ('SLV0001', 'San Salvador', 1107000, 'Y', 'SLV');
INSERT INTO cities (city_id, name, population, is_capital, country_id) VALUES ('GNQ0001', 'Malabo', 297000, 'Y', 'GNQ');
INSERT INTO cities (city_id, name, population, is_capital, country_id) VALUES ('ERI0001', 'Asmara', 896000, 'Y', 'ERI');
INSERT INTO cities (city_id, name, population, is_capital, country_id) VALUES ('EST0001', 'Tallinn', 437000, 'Y', 'EST');
INSERT INTO cities (city_id, name, population, is_capital, country_id) VALUES ('SWZ0001', 'Mbabane', 68000, 'Y', 'SWZ');
INSERT INTO cities (city_id, name, population, is_capital, country_id) VALUES ('SWZ0002', 'Lobamba', 5800, 'Y', 'SWZ');
INSERT INTO cities (city_id, name, population, is_capital, country_id) VALUES ('ETH0001', 'Addis Ababa', 4400000, 'Y', 'ETH');
INSERT INTO cities (city_id, name, population, is_capital, country_id) VALUES ('FJI0001', 'Suva', 178000, 'Y', 'FJI');
INSERT INTO cities (city_id, name, population, is_capital, country_id) VALUES ('FIN0001', 'Helsinki', 1279000, 'Y', 'FIN');
INSERT INTO cities (city_id, name, population, is_capital, country_id) VALUES ('FRA0001', 'Paris', 10901000, 'Y', 'FRA');
INSERT INTO cities (city_id, name, population, is_capital, country_id) VALUES ('GAB0001', 'Libreville', 813000, 'Y', 'GAB');
INSERT INTO cities (city_id, name, population, is_capital, country_id) VALUES ('GMB0001', 'Banjul', 437000, 'Y', 'GMB');
INSERT INTO cities (city_id, name, population, is_capital, country_id) VALUES ('GEO0001', 'Tbilisi', 1077000, 'Y', 'GEO');
INSERT INTO cities (city_id, name, population, is_capital, country_id) VALUES ('DEU0001', 'Berlin', 3563000, 'Y', 'DEU');
INSERT INTO cities (city_id, name, population, is_capital, country_id) VALUES ('GHA0001', 'Accra', 2439000, 'Y', 'GHA');
INSERT INTO cities (city_id, name, population, is_capital, country_id) VALUES ('GRC0001', 'Athens', 3156000, 'Y', 'GRC');
INSERT INTO cities (city_id, name, population, is_capital, country_id) VALUES ('GRD0001', 'Saint George''s', 39000, 'Y', 'GRD');
INSERT INTO cities (city_id, name, population, is_capital, country_id) VALUES ('GTM0001', 'Guatemala City', 2851000, 'Y', 'GTM');
INSERT INTO cities (city_id, name, population, is_capital, country_id) VALUES ('GIN0001', 'Conakry', 1843000, 'Y', 'GIN');
INSERT INTO cities (city_id, name, population, is_capital, country_id) VALUES ('GNB0001', 'Bissau', 558000, 'Y', 'GNB');
INSERT INTO cities (city_id, name, population, is_capital, country_id) VALUES ('GUY0001', 'Georgetown', 110000, 'Y', 'GUY');
INSERT INTO cities (city_id, name, official_name, population, is_capital, country_id) VALUES ('HTI0001', 'Port au Prince', 'Port-au-Prince', 2637000, 'Y', 'HTI');
INSERT INTO cities (city_id, name, population, is_capital, country_id) VALUES ('HND0001', 'Tegucigalpa', 1363000, 'Y', 'HND');
INSERT INTO cities (city_id, name, population, is_capital, country_id) VALUES ('HUN0001', 'Budapest', 1759000, 'Y', 'HUN');
INSERT INTO cities (city_id, name, official_name, population, is_capital, country_id) VALUES ('ISL0001', 'Reykjavik', 'Reykjavík', 216000, 'Y', 'ISL');
INSERT INTO cities (city_id, name, population, is_capital, country_id) VALUES ('IND0001', 'New Delhi', 28514000, 'Y', 'IND');
INSERT INTO cities (city_id, name, population, is_capital, country_id) VALUES ('IDN0001', 'Jakarta', 10517000, 'Y', 'IDN');
INSERT INTO cities (city_id, name, population, is_capital, country_id) VALUES ('IRN0001', 'Tehran', 8896000, 'Y', 'IRN');
INSERT INTO cities (city_id, name, population, is_capital, country_id) VALUES ('IRQ0001', 'Baghdad', 6643000, 'Y', 'IRQ');
INSERT INTO cities (city_id, name, population, is_capital, country_id) VALUES ('IRL0001', 'Dublin', 1201000, 'Y', 'IRL');
INSERT INTO cities (city_id, name, population, is_capital, country_id) VALUES ('ISR0001', 'Jerusalem', 907000, 'Y', 'ISR');
INSERT INTO cities (city_id, name, population, is_capital, country_id) VALUES ('ITA0001', 'Rome', 4210000, 'Y', 'ITA');
INSERT INTO cities (city_id, name, population, is_capital, country_id) VALUES ('JAM0001', 'Kingston', 589000, 'Y', 'JAM');
INSERT INTO cities (city_id, name, population, is_capital, country_id) VALUES ('JPN0001', 'Tokyo', 37468000, 'Y', 'JPN');
INSERT INTO cities (city_id, name, population, is_capital, country_id) VALUES ('JOR0001', 'Amman', 2065000, 'Y', 'JOR');
INSERT INTO cities (city_id, name, official_name, population, is_capital, country_id) VALUES ('KAZ0001', 'Nur Sultan', 'Nur-Sultan', 1068000, 'Y', 'KAZ');
INSERT INTO cities (city_id, name, population, is_capital, country_id) VALUES ('KEN0001', 'Nairobi', 4386000, 'Y', 'KEN');
INSERT INTO cities (city_id, name, population, is_capital, country_id) VALUES ('KIR0001', 'Tarawa', 64000, 'Y', 'KIR');
INSERT INTO cities (city_id, name, population, is_capital, country_id) VALUES ('XKX0001', 'Prishtina', 207062, 'Y', 'XKX');
INSERT INTO cities (city_id, name, population, is_capital, country_id) VALUES ('KWT0001', 'Kuwait City', 2989000, 'Y', 'KWT');
INSERT INTO cities (city_id, name, population, is_capital, country_id) VALUES ('KGZ0001', 'Bishkek', 996000, 'Y', 'KGZ');
INSERT INTO cities (city_id, name, population, is_capital, country_id) VALUES ('LAO0001', 'Vientiane', 665000, 'Y', 'LAO');
INSERT INTO cities (city_id, name, population, is_capital, country_id) VALUES ('LVA0001', 'Riga', 637000, 'Y', 'LVA');
INSERT INTO cities (city_id, name, population, is_capital, country_id) VALUES ('LBN0001', 'Beirut', 2385000, 'Y', 'LBN');
INSERT INTO cities (city_id, name, population, is_capital, country_id) VALUES ('LSO0001', 'Maseru', 202000, 'Y', 'LSO');
INSERT INTO cities (city_id, name, population, is_capital, country_id) VALUES ('LBR0001', 'Monrovia', 1418000, 'Y', 'LBR');
INSERT INTO cities (city_id, name, population, is_capital, country_id) VALUES ('LBY0001', 'Tripoli', 1158000, 'Y', 'LBY');
INSERT INTO cities (city_id, name, population, is_capital, country_id) VALUES ('LIE0001', 'Vaduz', 5000, 'Y', 'LIE');
INSERT INTO cities (city_id, name, population, is_capital, country_id) VALUES ('LTU0001', 'Vilnius', 536000, 'Y', 'LTU');
INSERT INTO cities (city_id, name, population, is_capital, country_id) VALUES ('LUX0001', 'Luxembourg', 120000, 'Y', 'LUX');
INSERT INTO cities (city_id, name, population, is_capital, country_id) VALUES ('MDG0001', 'Antananarivo', 3058000, 'Y', 'MDG');
INSERT INTO cities (city_id, name, population, is_capital, country_id) VALUES ('MWI0001', 'Lilongwe', 1030000, 'Y', 'MWI');
INSERT INTO cities (city_id, name, population, is_capital, country_id) VALUES ('MYS0001', 'Kuala Lumpur', 7564000, 'Y', 'MYS');
INSERT INTO cities (city_id, name, population, is_capital, country_id) VALUES ('MDV0001', 'Male', 177000, 'Y', 'MDV');
INSERT INTO cities (city_id, name, population, is_capital, country_id) VALUES ('MLI0001', 'Bamako', 2447000, 'Y', 'MLI');
INSERT INTO cities (city_id, name, population, is_capital, country_id) VALUES ('MLT0001', 'Valletta', 213000, 'Y', 'MLT');
INSERT INTO cities (city_id, name, population, is_capital, country_id) VALUES ('MHL0001', 'Majuro', 31000, 'Y', 'MHL');
INSERT INTO cities (city_id, name, population, is_capital, country_id) VALUES ('MRT0001', 'Nouakchott', 1205000, 'Y', 'MRT');
INSERT INTO cities (city_id, name, population, is_capital, country_id) VALUES ('MUS0001', 'Port Louis', 149000, 'Y', 'MUS');
INSERT INTO cities (city_id, name, population, is_capital, country_id) VALUES ('MEX0001', 'Mexico City', 21581000, 'Y', 'MEX');
INSERT INTO cities (city_id, name, population, is_capital, country_id) VALUES ('FSM0001', 'Palikir', 7000, 'Y', 'FSM');
INSERT INTO cities (city_id, name, official_name, population, is_capital, country_id) VALUES ('MDA0001', 'Chisinau', 'Chişinău', 510000, 'Y', 'MDA');
INSERT INTO cities (city_id, name, population, is_capital, country_id) VALUES ('MCO0001', 'Monaco', 38000, 'Y', 'MCO');
INSERT INTO cities (city_id, name, population, is_capital, country_id) VALUES ('MNG0001', 'Ulaanbaatar', 1520000, 'Y', 'MNG');
INSERT INTO cities (city_id, name, population, is_capital, country_id) VALUES ('MNE0001', 'Podgorica', 177000, 'Y', 'MNE');
INSERT INTO cities (city_id, name, population, is_capital, country_id) VALUES ('MAR0001', 'Rabat', 1847000, 'Y', 'MAR');
INSERT INTO cities (city_id, name, population, is_capital, country_id) VALUES ('MOZ0001', 'Maputo', 1102000, 'Y', 'MOZ');
INSERT INTO cities (city_id, name, population, is_capital, country_id) VALUES ('MMR0001', 'Nay Pyi Taw', 1176000, 'Y', 'MMR');
INSERT INTO cities (city_id, name, population, is_capital, country_id) VALUES ('NAM0001', 'Windhoek', 404000, 'Y', 'NAM');
INSERT INTO cities (city_id, name, population, is_capital, country_id) VALUES ('NRU0001', 'Yaren', 1000, 'Y', 'NRU');
INSERT INTO cities (city_id, name, population, is_capital, country_id) VALUES ('NPL0001', 'Kathmandu', 1330000, 'Y', 'NPL');
INSERT INTO cities (city_id, name, population, is_capital, country_id) VALUES ('NLD0001', 'Amsterdam', 1132000, 'Y', 'NLD');
INSERT INTO cities (city_id, name, population, is_capital, country_id) VALUES ('NZL0001', 'Wellington', 411000, 'Y', 'NZL');
INSERT INTO cities (city_id, name, population, is_capital, country_id) VALUES ('NIC0001', 'Managua', 1048000, 'Y', 'NIC');
INSERT INTO cities (city_id, name, population, is_capital, country_id) VALUES ('NER0001', 'Niamey', 1214000, 'Y', 'NER');
INSERT INTO cities (city_id, name, population, is_capital, country_id) VALUES ('NGA0001', 'Abuja', 2919000, 'Y', 'NGA');
INSERT INTO cities (city_id, name, population, is_capital, country_id) VALUES ('PRK0001', 'Pyongyang', 3038000, 'Y', 'PRK');
INSERT INTO cities (city_id, name, population, is_capital, country_id) VALUES ('MKD0001', 'Skopje', 584000, 'Y', 'MKD');
INSERT INTO cities (city_id, name, population, is_capital, country_id) VALUES ('NOR0001', 'Oslo', 1012000, 'Y', 'NOR');
INSERT INTO cities (city_id, name, population, is_capital, country_id) VALUES ('OMN0001', 'Muscat', 1447000, 'Y', 'OMN');
INSERT INTO cities (city_id, name, population, is_capital, country_id) VALUES ('PAK0001', 'Islamabad', 1061000, 'Y', 'PAK');
INSERT INTO cities (city_id, name, population, is_capital, country_id) VALUES ('PLW0001', 'Melekeok', 299, 'Y', 'PLW');
INSERT INTO cities (city_id, name, population, is_capital, country_id) VALUES ('PAN0001', 'Panama City', 1783000, 'Y', 'PAN');
INSERT INTO cities (city_id, name, population, is_capital, country_id) VALUES ('PNG0001', 'Port Moresby', 367000, 'Y', 'PNG');
INSERT INTO cities (city_id, name, official_name, population, is_capital, country_id) VALUES ('PRY0001', 'Asuncion', 'Asunción', 3222000, 'Y', 'PRY');
INSERT INTO cities (city_id, name, population, is_capital, country_id) VALUES ('PER0001', 'Lima', 10391000, 'Y', 'PER');
INSERT INTO cities (city_id, name, population, is_capital, country_id) VALUES ('PHL0001', 'Manila', 13482000, 'Y', 'PHL');
INSERT INTO cities (city_id, name, population, is_capital, country_id) VALUES ('POL0001', 'Warsaw', 1768000, 'Y', 'POL');
INSERT INTO cities (city_id, name, population, is_capital, country_id) VALUES ('PRT0001', 'Lisbon', 2927000, 'Y', 'PRT');
INSERT INTO cities (city_id, name, population, is_capital, country_id) VALUES ('QAT0001', 'Doha', 633000, 'Y', 'QAT');
INSERT INTO cities (city_id, name, population, is_capital, country_id) VALUES ('ROU0001', 'Bucharest', 1821000, 'Y', 'ROU');
INSERT INTO cities (city_id, name, population, is_capital, country_id) VALUES ('RUS0001', 'Moscow', 12410000, 'Y', 'RUS');
INSERT INTO cities (city_id, name, population, is_capital, country_id) VALUES ('RWA0001', 'Kigali', 1058000, 'Y', 'RWA');
INSERT INTO cities (city_id, name, population, is_capital, country_id) VALUES ('KNA0001', 'Basseterre', 14000, 'Y', 'KNA');
INSERT INTO cities (city_id, name, population, is_capital, country_id) VALUES ('LCA0001', 'Castries', 22000, 'Y', 'LCA');
INSERT INTO cities (city_id, name, population, is_capital, country_id) VALUES ('VCT0001', 'Kingstown', 27000, 'Y', 'VCT');
INSERT INTO cities (city_id, name, population, is_capital, country_id) VALUES ('WSM0001', 'Apia', 36000, 'Y', 'WSM');
INSERT INTO cities (city_id, name, population, is_capital, country_id) VALUES ('SMR0001', 'San Marino', 4000, 'Y', 'SMR');
INSERT INTO cities (city_id, name, official_name, population, is_capital, country_id) VALUES ('STP0001', 'Sao Tome', 'São Tomé', 80000, 'Y', 'STP');
INSERT INTO cities (city_id, name, population, is_capital, country_id) VALUES ('SAU0001', 'Riyadh', 6907000, 'Y', 'SAU');
INSERT INTO cities (city_id, name, population, is_capital, country_id) VALUES ('SEN0001', 'Dakar', 2978000, 'Y', 'SEN');
INSERT INTO cities (city_id, name, population, is_capital, country_id) VALUES ('SRB0001', 'Belgrade', 1389000, 'Y', 'SRB');
INSERT INTO cities (city_id, name, population, is_capital, country_id) VALUES ('SYC0001', 'Victoria', 28000, 'Y', 'SYC');
INSERT INTO cities (city_id, name, population, is_capital, country_id) VALUES ('SLE0001', 'Freetown', 1136000, 'Y', 'SLE');
INSERT INTO cities (city_id, name, population, is_capital, country_id) VALUES ('SGP0001', 'Singapore', 5792000, 'Y', 'SGP');
INSERT INTO cities (city_id, name, population, is_capital, country_id) VALUES ('SVK0001', 'Bratislava', 430000, 'Y', 'SVK');
INSERT INTO cities (city_id, name, population, is_capital, country_id) VALUES ('SVN0001', 'Ljubljana', 286000, 'Y', 'SVN');
INSERT INTO cities (city_id, name, population, is_capital, country_id) VALUES ('SLB0001', 'Honiara', 82000, 'Y', 'SLB');
INSERT INTO cities (city_id, name, population, is_capital, country_id) VALUES ('SOM0001', 'Mogadishu', 2782000, 'Y', 'SOM');
INSERT INTO cities (city_id, name, population, is_capital, country_id) VALUES ('ZAF0001', 'Pretoria', 2378000, 'Y', 'ZAF');
INSERT INTO cities (city_id, name, population, is_capital, country_id) VALUES ('ZAF0002', 'Cape Town', 4430000, 'Y', 'ZAF');
INSERT INTO cities (city_id, name, population, is_capital, country_id) VALUES ('ZAF0003', 'Bloemfontein', 465000, 'Y', 'ZAF');
INSERT INTO cities (city_id, name, population, is_capital, country_id) VALUES ('KOR0001', 'Seoul', 9963000, 'Y', 'KOR');
INSERT INTO cities (city_id, name, population, is_capital, country_id) VALUES ('SSD0001', 'Juba', 369000, 'Y', 'SSD');
INSERT INTO cities (city_id, name, population, is_capital, country_id) VALUES ('ESP0001', 'Madrid', 6497000, 'Y', 'ESP');
INSERT INTO cities (city_id, name, population, is_capital, country_id) VALUES ('LKA0001', 'Colombo', 600000, 'Y', 'LKA');
INSERT INTO cities (city_id, name, population, is_capital, country_id) VALUES ('LKA0002', 'Sri Jayewardenepura Kotte', 103000, 'Y', 'LKA');
INSERT INTO cities (city_id, name, population, is_capital, country_id) VALUES ('SDN0001', 'Khartoum', 5534000, 'Y', 'SDN');
INSERT INTO cities (city_id, name, population, is_capital, country_id) VALUES ('SUR0001', 'Paramaribo', 239000, 'Y', 'SUR');
INSERT INTO cities (city_id, name, population, is_capital, country_id) VALUES ('SWE0001', 'Stockholm', 1583000, 'Y', 'SWE');
INSERT INTO cities (city_id, name, population, is_capital, country_id) VALUES ('CHE0001', 'Bern', 422000, 'Y', 'CHE');
INSERT INTO cities (city_id, name, population, is_capital, country_id) VALUES ('SYR0001', 'Damascus', 2320000, 'Y', 'SYR');
INSERT INTO cities (city_id, name, population, is_capital, country_id) VALUES ('TJK0001', 'Dushanbe', 873000, 'Y', 'TJK');
INSERT INTO cities (city_id, name, population, is_capital, country_id) VALUES ('TZA0001', 'Dar es Salaam', 6048000, 'Y', 'TZA');
INSERT INTO cities (city_id, name, population, is_capital, country_id) VALUES ('TZA0002', 'Dodoma', 262000, 'Y', 'TZA');
INSERT INTO cities (city_id, name, population, is_capital, country_id) VALUES ('THA0001', 'Bangkok', 10156000, 'Y', 'THA');
INSERT INTO cities (city_id, name, official_name, population, is_capital, country_id) VALUES ('TLS0001', 'Dili', 'Dilí', 281000, 'Y', 'TLS');
COMMIT;

/*********************************************/
/***************** CURRENCIES ****************/
/*********************************************/

INSERT INTO currencies (currency_id, name, symbol) VALUES ('AFN', 'Afghani', '؋');
INSERT INTO currencies (currency_id, name, symbol) VALUES ('ALL', 'Lek', 'L');
INSERT INTO currencies (currency_id, name, symbol) VALUES ('DZD', 'Algerian Dinar', 'دج');
INSERT INTO currencies (currency_id, name, symbol) VALUES ('EUR', 'Euro', '€');
INSERT INTO currencies (currency_id, name, symbol) VALUES ('AOA', 'Kwanza', 'Kz');
INSERT INTO currencies (currency_id, name, symbol) VALUES ('XCD', 'East Caribbean Dollar', '$');
INSERT INTO currencies (currency_id, name, symbol) VALUES ('ARS', 'Argentine Peso', '$');
INSERT INTO currencies (currency_id, name, symbol) VALUES ('AMD', 'Armenian Dram', '֏');
INSERT INTO currencies (currency_id, name, symbol) VALUES ('AUD', 'Australian Dollar', '$');
INSERT INTO currencies (currency_id, name, symbol) VALUES ('AZN', 'Azerbaijani Manat', '₼');
INSERT INTO currencies (currency_id, name, symbol) VALUES ('BSD', 'Bahamian Dollar', '$');
INSERT INTO currencies (currency_id, name, symbol) VALUES ('BHD', 'Bahraini Dinar', 'د.ب');
INSERT INTO currencies (currency_id, name, symbol) VALUES ('BDT', 'Taka', '৳');
INSERT INTO currencies (currency_id, name, symbol) VALUES ('BBD', 'Barbados Dollar', '$');
INSERT INTO currencies (currency_id, name, symbol) VALUES ('BYN', 'Belarusian Ruble', 'Br');
INSERT INTO currencies (currency_id, name, symbol) VALUES ('BZD', 'Belize Dollar', '$');
INSERT INTO currencies (currency_id, name, symbol) VALUES ('XOF', 'West African CFA franc', 'CFA');
INSERT INTO currencies (currency_id, name, symbol) VALUES ('BTN', 'Ngultrum', 'Nu.');
INSERT INTO currencies (currency_id, name, symbol) VALUES ('BOB', 'Boliviano', 'Bs.');
INSERT INTO currencies (currency_id, name, symbol) VALUES ('BAM', 'Convertible Mark', 'КМ');
INSERT INTO currencies (currency_id, name, symbol) VALUES ('BWP', 'Pula', 'P');
INSERT INTO currencies (currency_id, name, symbol) VALUES ('BRL', 'Brazilian Real', 'R$');
INSERT INTO currencies (currency_id, name, symbol) VALUES ('BND', 'Brunei Dollar', '$');
INSERT INTO currencies (currency_id, name, symbol) VALUES ('BGN', 'Bulgarian Lev', 'лв');
INSERT INTO currencies (currency_id, name, symbol) VALUES ('BIF', 'Burundi Franc', 'FBu');
INSERT INTO currencies (currency_id, name, symbol) VALUES ('CVE', 'Cabo Verde Escudo', '$');
INSERT INTO currencies (currency_id, name, symbol) VALUES ('KHR', 'Riel', '៛');
INSERT INTO currencies (currency_id, name, symbol) VALUES ('XAF', 'Central African CFA Franc', '₣');
INSERT INTO currencies (currency_id, name, symbol) VALUES ('CAD', 'Canadian Dollar', '$');
INSERT INTO currencies (currency_id, name, symbol) VALUES ('CLP', 'Chilean Peso', '$');
INSERT INTO currencies (currency_id, name, symbol) VALUES ('CNY', 'Yuan Renminbi', '¥');
INSERT INTO currencies (currency_id, name, symbol) VALUES ('TWD', 'New Taiwan Dollar', '$');
INSERT INTO currencies (currency_id, name, symbol) VALUES ('COP', 'Colombian Peso', '$');
INSERT INTO currencies (currency_id, name, symbol) VALUES ('KMF', 'Comoro Franc', 'CF');
INSERT INTO currencies (currency_id, name, symbol) VALUES ('CDF', 'Congolese Franc', 'FC');
INSERT INTO currencies (currency_id, name, official_name, symbol) VALUES ('CRC', 'Costa Rican Colon', 'Costa Rican Colón', '₡');
INSERT INTO currencies (currency_id, name, symbol) VALUES ('HRK', 'Kuna', 'kn');
INSERT INTO currencies (currency_id, name, symbol) VALUES ('CUP', 'Cuban Peso', '$');
INSERT INTO currencies (currency_id, name, symbol) VALUES ('CUC', 'Peso Convertible', '$');
INSERT INTO currencies (currency_id, name, symbol) VALUES ('CZK', 'Czech Koruna', 'Kč');
INSERT INTO currencies (currency_id, name, symbol) VALUES ('DKK', 'Danish Krone', 'kr.');
INSERT INTO currencies (currency_id, name, symbol) VALUES ('DJF', 'Djibouti Franc', 'Fdj');
INSERT INTO currencies (currency_id, name, symbol) VALUES ('DOP', 'Dominican Peso', '$');
INSERT INTO currencies (currency_id, name, symbol) VALUES ('EGP', 'Egyptian Pound', 'E£');
INSERT INTO currencies (currency_id, name, official_name, symbol) VALUES ('SVC', 'El Salvador Colon', 'El Salvador Colón', '₡');
INSERT INTO currencies (currency_id, name, symbol) VALUES ('ERN', 'Nakfa', 'Nkf');
INSERT INTO currencies (currency_id, name, symbol) VALUES ('SZL', 'Lilangeni', 'L');
INSERT INTO currencies (currency_id, name, symbol) VALUES ('ETB', 'Ethiopian Birr', 'Br');
INSERT INTO currencies (currency_id, name, symbol) VALUES ('FJD', 'Fiji Dollar', 'FJ$');
INSERT INTO currencies (currency_id, name, symbol) VALUES ('GMD', 'Dalasi', 'D');
INSERT INTO currencies (currency_id, name, symbol) VALUES ('GEL', 'Lari', '₾');
INSERT INTO currencies (currency_id, name, symbol) VALUES ('GHS', 'Ghana Cedi', 'GH₵');
INSERT INTO currencies (currency_id, name, symbol) VALUES ('GTQ', 'Quetzal', 'Q');
INSERT INTO currencies (currency_id, name, symbol) VALUES ('GNF', 'Guinea Franc', 'FG');
INSERT INTO currencies (currency_id, name, symbol) VALUES ('GYD', 'Guyana Dollar', '$');
INSERT INTO currencies (currency_id, name, symbol) VALUES ('HTG', 'Gourde', 'G');
INSERT INTO currencies (currency_id, name, symbol) VALUES ('HNL', 'Lempira', 'L');
INSERT INTO currencies (currency_id, name, symbol) VALUES ('HUF', 'Forint', 'Ft');
INSERT INTO currencies (currency_id, name, symbol) VALUES ('ISK', 'Island Krona', 'kr');
INSERT INTO currencies (currency_id, name, symbol) VALUES ('INR', 'Indian Rupee', '₹');
INSERT INTO currencies (currency_id, name, symbol) VALUES ('IDR', 'Rupiah', 'Rp');
INSERT INTO currencies (currency_id, name, symbol) VALUES ('IRR', 'Iranian Rial', '﷼');
INSERT INTO currencies (currency_id, name, symbol) VALUES ('IQD', 'Iraqi Dinar', 'د.ع');
INSERT INTO currencies (currency_id, name, symbol) VALUES ('ILS', 'New Israeli Sheqel', '₪');
INSERT INTO currencies (currency_id, name, symbol) VALUES ('JMD', 'Jamaican Dollar', '$');
INSERT INTO currencies (currency_id, name, symbol) VALUES ('JPY', 'Yen', '¥');
INSERT INTO currencies (currency_id, name, symbol) VALUES ('JOD', 'Jordanian Dinar', 'د.أ');
INSERT INTO currencies (currency_id, name, symbol) VALUES ('KZT', 'Tenge', '₸');
INSERT INTO currencies (currency_id, name, symbol) VALUES ('KES', 'Kenyan Shilling', 'KSh');
INSERT INTO currencies (currency_id, name, symbol) VALUES ('RSD', 'Serbian Dinar', 'дин');
INSERT INTO currencies (currency_id, name, symbol) VALUES ('KWD', 'Kuwaiti Dinar', 'د.ك');
INSERT INTO currencies (currency_id, name, symbol) VALUES ('KGS', 'Som', 'сом');
INSERT INTO currencies (currency_id, name, symbol) VALUES ('LAK', 'Lao Kip', '₭');
INSERT INTO currencies (currency_id, name, symbol) VALUES ('LBP', 'Lebanese Pound', 'ل.ل.');
INSERT INTO currencies (currency_id, name, symbol) VALUES ('LSL', 'Loti', 'L');
INSERT INTO currencies (currency_id, name, symbol) VALUES ('ZAR', 'Rand', 'R');
INSERT INTO currencies (currency_id, name, symbol) VALUES ('LRD', 'Liberian Dollar', 'L$');
INSERT INTO currencies (currency_id, name, symbol) VALUES ('LYD', 'Libyan Dinar', 'ل.د');
INSERT INTO currencies (currency_id, name, symbol) VALUES ('CHF', 'Swiss Franc', 'CHF');
INSERT INTO currencies (currency_id, name, symbol) VALUES ('MGA', 'Malagasy Ariary', 'Ar');
INSERT INTO currencies (currency_id, name, symbol) VALUES ('MWK', 'Malawian Kwacha', 'K');
INSERT INTO currencies (currency_id, name, symbol) VALUES ('MYR', 'Malaysian Ringgit', 'RM');
INSERT INTO currencies (currency_id, name, symbol) VALUES ('MVR', 'Rufiyaa', 'Rf');
INSERT INTO currencies (currency_id, name, symbol) VALUES ('MRU', 'Ouguiya', 'UM');
INSERT INTO currencies (currency_id, name, symbol) VALUES ('MUR', 'Mauritius Rupee', '₨');
INSERT INTO currencies (currency_id, name, symbol) VALUES ('MXN', 'Mexican Peso', '$');
INSERT INTO currencies (currency_id, name, symbol) VALUES ('MDL', 'Moldovan Leu', 'L');
INSERT INTO currencies (currency_id, name, symbol) VALUES ('MNT', 'Tugrik', '₮');
INSERT INTO currencies (currency_id, name, symbol) VALUES ('MAD', 'Moroccan Dirham', 'DH');
INSERT INTO currencies (currency_id, name, symbol) VALUES ('MZN', 'Mozambique Metical', 'MT');
INSERT INTO currencies (currency_id, name, symbol) VALUES ('MMK', 'Kyat', 'K');
INSERT INTO currencies (currency_id, name, symbol) VALUES ('NAD', 'Namibian Dollar', 'N$');
INSERT INTO currencies (currency_id, name, symbol) VALUES ('NPR', 'Nepalese Rupee', '₨');
INSERT INTO currencies (currency_id, name, symbol) VALUES ('NZD', 'New Zealand Dollar', '$');
INSERT INTO currencies (currency_id, name, official_name, symbol) VALUES ('NIO', 'Cordoba Oro', 'Córdoba Oro', 'C$');
INSERT INTO currencies (currency_id, name, symbol) VALUES ('NGN', 'Naira', '₦');
INSERT INTO currencies (currency_id, name, symbol) VALUES ('KPW', 'North Korean Won', '₩');
INSERT INTO currencies (currency_id, name, symbol) VALUES ('MKD', 'Denar', 'den');
INSERT INTO currencies (currency_id, name, symbol) VALUES ('NOK', 'Norwegian Krone', 'kr');
INSERT INTO currencies (currency_id, name, symbol) VALUES ('OMR', 'Rial Omani', 'ر.ع.');
INSERT INTO currencies (currency_id, name, symbol) VALUES ('PKR', 'Pakistan Rupee', '₨');
INSERT INTO currencies (currency_id, name, symbol) VALUES ('PGK', 'Kina', 'K');
INSERT INTO currencies (currency_id, name, official_name, symbol) VALUES ('PYG', 'Guarani', 'Guaraní', '₲');
INSERT INTO currencies (currency_id, name, symbol) VALUES ('PEN', 'Sol', 'S/');
INSERT INTO currencies (currency_id, name, symbol) VALUES ('PHP', 'Philippine Peso', '₱');
INSERT INTO currencies (currency_id, name, official_name, symbol) VALUES ('PLN', 'Zloty', 'Złoty', 'zł');
INSERT INTO currencies (currency_id, name, symbol) VALUES ('QAR', 'Qatari Rial', 'ر.ق');
INSERT INTO currencies (currency_id, name, symbol) VALUES ('RON', 'Romanian Leu', 'L');
INSERT INTO currencies (currency_id, name, symbol) VALUES ('RUB', 'Russian Ruble', '₽');
INSERT INTO currencies (currency_id, name, symbol) VALUES ('RWF', 'Rwanda Franc', 'FRw');
INSERT INTO currencies (currency_id, name, symbol) VALUES ('WST', 'Samoan Tala', 'WS$');
INSERT INTO currencies (currency_id, name, symbol) VALUES ('STN', 'Dobra', 'Db');
INSERT INTO currencies (currency_id, name, symbol) VALUES ('SAR', 'Saudi Riyal', 'ر.س');
INSERT INTO currencies (currency_id, name, symbol) VALUES ('SCR', 'Seychelles Rupee', 'SRe');
INSERT INTO currencies (currency_id, name, symbol) VALUES ('SLL', 'Leone', 'Le');
INSERT INTO currencies (currency_id, name, symbol) VALUES ('SGD', 'Singapore Dollar', 'S$');
INSERT INTO currencies (currency_id, name, symbol) VALUES ('SBD', 'Solomon Islands Dollar', '$');
INSERT INTO currencies (currency_id, name, symbol) VALUES ('SOS', 'Somali Shilling', 'Sh.So.');
INSERT INTO currencies (currency_id, name, symbol) VALUES ('KRW', 'Won', '₩');
INSERT INTO currencies (currency_id, name, symbol) VALUES ('SSP', 'South Sudanese Pound', 'SS£');
INSERT INTO currencies (currency_id, name, symbol) VALUES ('LKR', 'Sri Lanka Rupee', '₨');
INSERT INTO currencies (currency_id, name, symbol) VALUES ('SDG', 'Sudanese Pound', 'ج.س');
INSERT INTO currencies (currency_id, name, symbol) VALUES ('SRD', 'Surinam Dollar', '$');
INSERT INTO currencies (currency_id, name, symbol) VALUES ('SEK', 'Swedish Krona', 'kr');
INSERT INTO currencies (currency_id, name, symbol) VALUES ('CHF', 'Swiss Franc', 'CHF');
INSERT INTO currencies (currency_id, name, symbol) VALUES ('SYP', 'Syrian Pound', 'LS');
INSERT INTO currencies (currency_id, name, symbol) VALUES ('TJS', 'Somoni', 'SM');
INSERT INTO currencies (currency_id, name, symbol) VALUES ('TZS', 'Tanzanian Shilling', 'TSh');
INSERT INTO currencies (currency_id, name, symbol) VALUES ('THB', 'Baht', '฿');

INSERT INTO currencies (currency_id, name, symbol) VALUES ('USD', 'United States Dollar', '$');
COMMIT;

/*********************************************/
/************ CURRENCIES_COUNTRIES ***********/
/*********************************************/

INSERT INTO currencies_countries (currency_id, country_id) VALUES ('EUR', 'AND');
INSERT INTO currencies_countries (currency_id, country_id) VALUES ('XCD', 'ATG');
INSERT INTO currencies_countries (currency_id, country_id) VALUES ('AUD', 'AUS');
INSERT INTO currencies_countries (currency_id, country_id) VALUES ('EUR', 'AUT');
INSERT INTO currencies_countries (currency_id, country_id) VALUES ('EUR', 'BEL');
INSERT INTO currencies_countries (currency_id, country_id) VALUES ('XOF', 'BEN');
INSERT INTO currencies_countries (currency_id, country_id) VALUES ('XOF', 'BFA');
INSERT INTO currencies_countries (currency_id, country_id) VALUES ('XAF', 'CMR');
INSERT INTO currencies_countries (currency_id, country_id) VALUES ('XAF', 'CAF');
INSERT INTO currencies_countries (currency_id, country_id) VALUES ('XAF', 'TCD');
INSERT INTO currencies_countries (currency_id, country_id) VALUES ('XAF', 'COG');
INSERT INTO currencies_countries (currency_id, country_id) VALUES ('XOF', 'CIV');
INSERT INTO currencies_countries (currency_id, country_id) VALUES ('EUR', 'CYP');
INSERT INTO currencies_countries (currency_id, country_id) VALUES ('XCD', 'DMA');
INSERT INTO currencies_countries (currency_id, country_id) VALUES ('USD', 'ECU');
INSERT INTO currencies_countries (currency_id, country_id) VALUES ('USD', 'SLV');
INSERT INTO currencies_countries (currency_id, country_id) VALUES ('XAF', 'GNQ');
INSERT INTO currencies_countries (currency_id, country_id) VALUES ('EUR', 'EST');
INSERT INTO currencies_countries (currency_id, country_id) VALUES ('EUR', 'FIN');
INSERT INTO currencies_countries (currency_id, country_id) VALUES ('EUR', 'FRA');
INSERT INTO currencies_countries (currency_id, country_id) VALUES ('XAF', 'GAB');
INSERT INTO currencies_countries (currency_id, country_id) VALUES ('EUR', 'DEU');
INSERT INTO currencies_countries (currency_id, country_id) VALUES ('EUR', 'GRC');
INSERT INTO currencies_countries (currency_id, country_id) VALUES ('XCD', 'GRD');
INSERT INTO currencies_countries (currency_id, country_id) VALUES ('XOF', 'GNB');
INSERT INTO currencies_countries (currency_id, country_id) VALUES ('USD', 'HTI');
INSERT INTO currencies_countries (currency_id, country_id) VALUES ('EUR', 'IRL');
INSERT INTO currencies_countries (currency_id, country_id) VALUES ('EUR', 'ITA');
INSERT INTO currencies_countries (currency_id, country_id) VALUES ('AUD', 'KIR');
INSERT INTO currencies_countries (currency_id, country_id) VALUES ('EUR', 'XKX');
INSERT INTO currencies_countries (currency_id, country_id) VALUES ('RSD', 'XKX');
INSERT INTO currencies_countries (currency_id, country_id) VALUES ('EUR', 'LVA');
INSERT INTO currencies_countries (currency_id, country_id) VALUES ('ZAR', 'LSO');
INSERT INTO currencies_countries (currency_id, country_id) VALUES ('CHF', 'LIE');
INSERT INTO currencies_countries (currency_id, country_id) VALUES ('EUR', 'LTU');
INSERT INTO currencies_countries (currency_id, country_id) VALUES ('EUR', 'LUX');
INSERT INTO currencies_countries (currency_id, country_id) VALUES ('XOF', 'MLI');
INSERT INTO currencies_countries (currency_id, country_id) VALUES ('EUR', 'MLT');
INSERT INTO currencies_countries (currency_id, country_id) VALUES ('USD', 'MHL');
INSERT INTO currencies_countries (currency_id, country_id) VALUES ('USD', 'FSM');
INSERT INTO currencies_countries (currency_id, country_id) VALUES ('EUR', 'MCO');
INSERT INTO currencies_countries (currency_id, country_id) VALUES ('EUR', 'MNE');
INSERT INTO currencies_countries (currency_id, country_id) VALUES ('AUD', 'NRU');
INSERT INTO currencies_countries (currency_id, country_id) VALUES ('EUR', 'NLD');
INSERT INTO currencies_countries (currency_id, country_id) VALUES ('XOF', 'NER');
INSERT INTO currencies_countries (currency_id, country_id) VALUES ('AFN', 'AFG');
INSERT INTO currencies_countries (currency_id, country_id) VALUES ('ALL', 'ALB');
INSERT INTO currencies_countries (currency_id, country_id) VALUES ('DZD', 'DZA');
INSERT INTO currencies_countries (currency_id, country_id) VALUES ('AOA', 'AGO');
INSERT INTO currencies_countries (currency_id, country_id) VALUES ('ARS', 'ARG');
INSERT INTO currencies_countries (currency_id, country_id) VALUES ('AMD', 'ARM');
INSERT INTO currencies_countries (currency_id, country_id) VALUES ('AZN', 'AZE');
INSERT INTO currencies_countries (currency_id, country_id) VALUES ('BSD', 'BHS');
INSERT INTO currencies_countries (currency_id, country_id) VALUES ('BHD', 'BHR');
INSERT INTO currencies_countries (currency_id, country_id) VALUES ('BDT', 'BGD');
INSERT INTO currencies_countries (currency_id, country_id) VALUES ('BBD', 'BRB');
INSERT INTO currencies_countries (currency_id, country_id) VALUES ('BYN', 'BLR');
INSERT INTO currencies_countries (currency_id, country_id) VALUES ('BZD', 'BLZ');
INSERT INTO currencies_countries (currency_id, country_id) VALUES ('BTN', 'BTN');
INSERT INTO currencies_countries (currency_id, country_id) VALUES ('BOB', 'BOL');
INSERT INTO currencies_countries (currency_id, country_id) VALUES ('BAM', 'BIH');
INSERT INTO currencies_countries (currency_id, country_id) VALUES ('BWP', 'BWA');
INSERT INTO currencies_countries (currency_id, country_id) VALUES ('BRL', 'BRA');
INSERT INTO currencies_countries (currency_id, country_id) VALUES ('BND', 'BRN');
INSERT INTO currencies_countries (currency_id, country_id) VALUES ('BGN', 'BGR');
INSERT INTO currencies_countries (currency_id, country_id) VALUES ('BIF', 'BDI');
INSERT INTO currencies_countries (currency_id, country_id) VALUES ('CVE', 'CPV');
INSERT INTO currencies_countries (currency_id, country_id) VALUES ('KHR', 'KHM');
INSERT INTO currencies_countries (currency_id, country_id) VALUES ('CAD', 'CAN');
INSERT INTO currencies_countries (currency_id, country_id) VALUES ('CLP', 'CHL');
INSERT INTO currencies_countries (currency_id, country_id) VALUES ('CNY', 'CHN');
INSERT INTO currencies_countries (currency_id, country_id) VALUES ('TWD', 'TWN');
INSERT INTO currencies_countries (currency_id, country_id) VALUES ('COP', 'COL');
INSERT INTO currencies_countries (currency_id, country_id) VALUES ('KMF', 'COM');
INSERT INTO currencies_countries (currency_id, country_id) VALUES ('CDF', 'COD');
INSERT INTO currencies_countries (currency_id, country_id) VALUES ('CRC', 'CRI');
INSERT INTO currencies_countries (currency_id, country_id) VALUES ('HRK', 'HRV');
INSERT INTO currencies_countries (currency_id, country_id) VALUES ('CUP', 'CUB');
INSERT INTO currencies_countries (currency_id, country_id) VALUES ('CUC', 'CUB');
INSERT INTO currencies_countries (currency_id, country_id) VALUES ('CZK', 'CZE');
INSERT INTO currencies_countries (currency_id, country_id) VALUES ('DKK', 'DNK');
INSERT INTO currencies_countries (currency_id, country_id) VALUES ('DJF', 'DJI');
INSERT INTO currencies_countries (currency_id, country_id) VALUES ('DOP', 'DOM');
INSERT INTO currencies_countries (currency_id, country_id) VALUES ('EGP', 'EGY');
INSERT INTO currencies_countries (currency_id, country_id) VALUES ('SVC', 'SLV');
INSERT INTO currencies_countries (currency_id, country_id) VALUES ('ERN', 'ERI');
INSERT INTO currencies_countries (currency_id, country_id) VALUES ('SZL', 'SWZ');
INSERT INTO currencies_countries (currency_id, country_id) VALUES ('ETB', 'ETH');
INSERT INTO currencies_countries (currency_id, country_id) VALUES ('FJD', 'FJI');
INSERT INTO currencies_countries (currency_id, country_id) VALUES ('GMD', 'GMB');
INSERT INTO currencies_countries (currency_id, country_id) VALUES ('GEL', 'GEO');
INSERT INTO currencies_countries (currency_id, country_id) VALUES ('GHS', 'GHA');
INSERT INTO currencies_countries (currency_id, country_id) VALUES ('GTQ', 'GTM');
INSERT INTO currencies_countries (currency_id, country_id) VALUES ('GNF', 'GIN');
INSERT INTO currencies_countries (currency_id, country_id) VALUES ('GYD', 'GUY');
INSERT INTO currencies_countries (currency_id, country_id) VALUES ('HTG', 'HTI');
INSERT INTO currencies_countries (currency_id, country_id) VALUES ('HNL', 'HND');
INSERT INTO currencies_countries (currency_id, country_id) VALUES ('HUF', 'HUN');
INSERT INTO currencies_countries (currency_id, country_id) VALUES ('ISK', 'ISL');
INSERT INTO currencies_countries (currency_id, country_id) VALUES ('INR', 'IND');
INSERT INTO currencies_countries (currency_id, country_id) VALUES ('IDR', 'IDN');
INSERT INTO currencies_countries (currency_id, country_id) VALUES ('IRR', 'IRN');
INSERT INTO currencies_countries (currency_id, country_id) VALUES ('IQD', 'IRQ');
INSERT INTO currencies_countries (currency_id, country_id) VALUES ('ILS', 'ISR');
INSERT INTO currencies_countries (currency_id, country_id) VALUES ('JMD', 'JAM');
INSERT INTO currencies_countries (currency_id, country_id) VALUES ('JPY', 'JPN');
INSERT INTO currencies_countries (currency_id, country_id) VALUES ('JOD', 'JOR');
INSERT INTO currencies_countries (currency_id, country_id) VALUES ('KZT', 'KAZ');
INSERT INTO currencies_countries (currency_id, country_id) VALUES ('KES', 'KEN');
INSERT INTO currencies_countries (currency_id, country_id) VALUES ('KWD', 'KWT');
INSERT INTO currencies_countries (currency_id, country_id) VALUES ('KGS', 'KGZ');
INSERT INTO currencies_countries (currency_id, country_id) VALUES ('LAK', 'LAO');
INSERT INTO currencies_countries (currency_id, country_id) VALUES ('LBP', 'LBN');
INSERT INTO currencies_countries (currency_id, country_id) VALUES ('LSL', 'LSO');
INSERT INTO currencies_countries (currency_id, country_id) VALUES ('LRD', 'LBR');
INSERT INTO currencies_countries (currency_id, country_id) VALUES ('LYD', 'LBY');
INSERT INTO currencies_countries (currency_id, country_id) VALUES ('MGA', 'MDG');
INSERT INTO currencies_countries (currency_id, country_id) VALUES ('MWK', 'MWI');
INSERT INTO currencies_countries (currency_id, country_id) VALUES ('MYR', 'MYS');
INSERT INTO currencies_countries (currency_id, country_id) VALUES ('MVR', 'MDV');
INSERT INTO currencies_countries (currency_id, country_id) VALUES ('MRU', 'MRT');
INSERT INTO currencies_countries (currency_id, country_id) VALUES ('MUR', 'MUS');
INSERT INTO currencies_countries (currency_id, country_id) VALUES ('MXN', 'MEX');
INSERT INTO currencies_countries (currency_id, country_id) VALUES ('MDL', 'MDA');
INSERT INTO currencies_countries (currency_id, country_id) VALUES ('MNT', 'MNG');
INSERT INTO currencies_countries (currency_id, country_id) VALUES ('MAD', 'MAR');
INSERT INTO currencies_countries (currency_id, country_id) VALUES ('MZN', 'MOZ');
INSERT INTO currencies_countries (currency_id, country_id) VALUES ('MMK', 'MMR');
INSERT INTO currencies_countries (currency_id, country_id) VALUES ('NAD', 'NAM');
INSERT INTO currencies_countries (currency_id, country_id) VALUES ('NGN', 'NGA');
INSERT INTO currencies_countries (currency_id, country_id) VALUES ('NPR', 'NPL');
INSERT INTO currencies_countries (currency_id, country_id) VALUES ('NZD', 'NZL');
INSERT INTO currencies_countries (currency_id, country_id) VALUES ('NIO', 'NIC');
INSERT INTO currencies_countries (currency_id, country_id) VALUES ('KPW', 'PRK');
INSERT INTO currencies_countries (currency_id, country_id) VALUES ('MKD', 'MKD');
INSERT INTO currencies_countries (currency_id, country_id) VALUES ('NOK', 'NOR');
INSERT INTO currencies_countries (currency_id, country_id) VALUES ('OMR', 'OMN');
INSERT INTO currencies_countries (currency_id, country_id) VALUES ('PKR', 'PAK');
INSERT INTO currencies_countries (currency_id, country_id) VALUES ('USD', 'PLW');
INSERT INTO currencies_countries (currency_id, country_id) VALUES ('USD', 'PAN');
INSERT INTO currencies_countries (currency_id, country_id) VALUES ('PGK', 'PNG');
INSERT INTO currencies_countries (currency_id, country_id) VALUES ('PYG', 'PRY');
INSERT INTO currencies_countries (currency_id, country_id) VALUES ('PEN', 'PER');
INSERT INTO currencies_countries (currency_id, country_id) VALUES ('PHP', 'PHL');
INSERT INTO currencies_countries (currency_id, country_id) VALUES ('PLN', 'POL');
INSERT INTO currencies_countries (currency_id, country_id) VALUES ('EUR', 'PRT');
INSERT INTO currencies_countries (currency_id, country_id) VALUES ('QAR', 'QAT');
INSERT INTO currencies_countries (currency_id, country_id) VALUES ('RON', 'ROU');
INSERT INTO currencies_countries (currency_id, country_id) VALUES ('RUB', 'RUS');
INSERT INTO currencies_countries (currency_id, country_id) VALUES ('RWF', 'RWA');
INSERT INTO currencies_countries (currency_id, country_id) VALUES ('XCD', 'KNA');
INSERT INTO currencies_countries (currency_id, country_id) VALUES ('XCD', 'LCA');
INSERT INTO currencies_countries (currency_id, country_id) VALUES ('XCD', 'VCT');
INSERT INTO currencies_countries (currency_id, country_id) VALUES ('WST', 'WSM');
INSERT INTO currencies_countries (currency_id, country_id) VALUES ('EUR', 'SMR');
INSERT INTO currencies_countries (currency_id, country_id) VALUES ('STN', 'STP');
INSERT INTO currencies_countries (currency_id, country_id) VALUES ('SAR', 'SAU');
INSERT INTO currencies_countries (currency_id, country_id) VALUES ('XOF', 'SEN');
INSERT INTO currencies_countries (currency_id, country_id) VALUES ('RSD', 'SRB');
INSERT INTO currencies_countries (currency_id, country_id) VALUES ('SCR', 'SYC');
INSERT INTO currencies_countries (currency_id, country_id) VALUES ('SLL', 'SLE');
INSERT INTO currencies_countries (currency_id, country_id) VALUES ('SGD', 'SGP');
INSERT INTO currencies_countries (currency_id, country_id) VALUES ('EUR', 'SVK');
INSERT INTO currencies_countries (currency_id, country_id) VALUES ('EUR', 'SVN');
INSERT INTO currencies_countries (currency_id, country_id) VALUES ('SBD', 'SLB');
INSERT INTO currencies_countries (currency_id, country_id) VALUES ('SOS', 'SOM');
INSERT INTO currencies_countries (currency_id, country_id) VALUES ('ZAR', 'ZAF');
INSERT INTO currencies_countries (currency_id, country_id) VALUES ('KRW', 'KOR');
INSERT INTO currencies_countries (currency_id, country_id) VALUES ('SSP', 'SSD');
INSERT INTO currencies_countries (currency_id, country_id) VALUES ('EUR', 'ESP');
INSERT INTO currencies_countries (currency_id, country_id) VALUES ('LKR', 'LKA');
INSERT INTO currencies_countries (currency_id, country_id) VALUES ('SDG', 'SDN');
INSERT INTO currencies_countries (currency_id, country_id) VALUES ('SRD', 'SUR');
INSERT INTO currencies_countries (currency_id, country_id) VALUES ('SEK', 'SWE');
INSERT INTO currencies_countries (currency_id, country_id) VALUES ('CHF', 'CHE');
INSERT INTO currencies_countries (currency_id, country_id) VALUES ('SYP', 'SYR');
INSERT INTO currencies_countries (currency_id, country_id) VALUES ('TJS', 'TJK');
INSERT INTO currencies_countries (currency_id, country_id) VALUES ('TZS', 'TZA');
INSERT INTO currencies_countries (currency_id, country_id) VALUES ('THB', 'THA');
INSERT INTO currencies_countries (currency_id, country_id) VALUES ('USD', 'TLS');
COMMIT;
